recommendation_id,conversation_id,meal_id,position,score,reason,timestamp
rec_1,conv_1,m_08,1,0.89,Indian · none · $4,2026-10-04T06:20:56.353Z
rec_1,conv_1,m_16,2,0.88,Japanese · none · $2.5,2026-10-04T06:20:56.353Z
rec_1,conv_1,m_13,3,0.84,African · none · $3,2026-10-04T06:20:56.353Z
rec_2,conv_2,m_22,1,0.99,Mexican · chicken · $12.5,2026-10-04T06:49:43.927Z
rec_2,conv_2,m_10,2,0.99,African · chicken · $12,2026-10-04T06:49:43.927Z
rec_2,conv_2,m_28,3,0.99,Malaysian · chicken · $12,2026-10-04T06:49:43.927Z
rec_3,conv_3,m_13,1,0.99,African · none · $3,2026-10-04T06:40:23.042Z
rec_3,conv_3,m_17,2,0.99,Mediterranean · halloumi · $13,2026-10-04T06:40:23.042Z
rec_3,conv_3,m_30,3,0.99,Chinese · tofu · $11,2026-10-04T06:40:23.042Z
rec_4,conv_4,m_13,1,0.99,African · none · $3,2026-09-25T06:43:15.288Z
rec_4,conv_4,m_17,2,0.99,Mediterranean · halloumi · $13,2026-09-25T06:43:15.288Z
rec_4,conv_4,m_30,3,0.99,Chinese · tofu · $11,2026-09-25T06:43:15.288Z
rec_5,conv_5,m_13,1,0.99,African · none · $3,2026-09-16T06:03:59.855Z
rec_5,conv_5,m_17,2,0.99,Mediterranean · halloumi · $13,2026-09-16T06:03:59.855Z
rec_5,conv_5,m_30,3,0.99,Chinese · tofu · $11,2026-09-16T06:03:59.855Z
rec_6,conv_6,m_13,1,0.99,African · none · $3,2026-09-07T06:40:22.942Z
rec_6,conv_6,m_17,2,0.99,Mediterranean · halloumi · $13,2026-09-07T06:40:22.942Z
rec_6,conv_6,m_30,3,0.99,Chinese · tofu · $11,2026-09-07T06:40:22.942Z
rec_7,conv_7,m_13,1,0.99,African · none · $3,2026-08-29T06:26:01.262Z
rec_7,conv_7,m_17,2,0.99,Mediterranean · halloumi · $13,2026-08-29T06:26:01.262Z
rec_7,conv_7,m_30,3,0.99,Chinese · tofu · $11,2026-08-29T06:26:01.262Z
rec_8,conv_8,m_13,1,0.99,African · none · $3,2026-08-20T05:57:56.786Z
rec_8,conv_8,m_17,2,0.99,Mediterranean · halloumi · $13,2026-08-20T05:57:56.786Z
rec_8,conv_8,m_30,3,0.99,Chinese · tofu · $11,2026-08-20T05:57:56.786Z
rec_9,conv_9,m_13,1,0.99,African · none · $3,2026-08-11T06:01:24.790Z
rec_9,conv_9,m_17,2,0.99,Mediterranean · halloumi · $13,2026-08-11T06:01:24.790Z
rec_9,conv_9,m_30,3,0.99,Chinese · tofu · $11,2026-08-11T06:01:24.790Z
rec_10,conv_10,m_13,1,0.99,African · none · $3,2026-08-02T06:03:27.704Z
rec_10,conv_10,m_17,2,0.99,Mediterranean · halloumi · $13,2026-08-02T06:03:27.704Z
rec_10,conv_10,m_30,3,0.99,Chinese · tofu · $11,2026-08-02T06:03:27.704Z
rec_11,conv_11,m_13,1,0.99,African · none · $3,2026-07-24T06:35:30.756Z
rec_11,conv_11,m_17,2,0.99,Mediterranean · halloumi · $13,2026-07-24T06:35:30.756Z
rec_11,conv_11,m_30,3,0.99,Chinese · tofu · $11,2026-07-24T06:35:30.756Z
rec_12,conv_12,m_13,1,0.99,African · none · $3,2026-07-15T06:18:33.531Z
rec_12,conv_12,m_17,2,0.99,Mediterranean · halloumi · $13,2026-07-15T06:18:33.531Z
rec_12,conv_12,m_30,3,0.99,Chinese · tofu · $11,2026-07-15T06:18:33.531Z
rec_13,conv_13,m_13,1,0.99,African · none · $3,2026-07-06T06:43:03.251Z
rec_13,conv_13,m_17,2,0.99,Mediterranean · halloumi · $13,2026-07-06T06:43:03.251Z
rec_13,conv_13,m_30,3,0.99,Chinese · tofu · $11,2026-07-06T06:43:03.251Z
rec_14,conv_14,m_13,1,0.99,African · none · $3,2026-06-27T06:32:08.292Z
rec_14,conv_14,m_17,2,0.99,Mediterranean · halloumi · $13,2026-06-27T06:32:08.292Z
rec_14,conv_14,m_30,3,0.99,Chinese · tofu · $11,2026-06-27T06:32:08.292Z
rec_15,conv_15,m_13,1,0.99,African · none · $3,2026-06-18T06:31:59.743Z
rec_15,conv_15,m_17,2,0.99,Mediterranean · halloumi · $13,2026-06-18T06:31:59.743Z
rec_15,conv_15,m_30,3,0.99,Chinese · tofu · $11,2026-06-18T06:31:59.743Z
rec_16,conv_16,m_13,1,0.99,African · none · $3,2026-06-09T06:30:16.995Z
rec_16,conv_16,m_17,2,0.99,Mediterranean · halloumi · $13,2026-06-09T06:30:16.995Z
rec_16,conv_16,m_30,3,0.99,Chinese · tofu · $11,2026-06-09T06:30:16.995Z
rec_17,conv_17,m_13,1,0.99,African · none · $3,2026-05-31T06:42:46.458Z
rec_17,conv_17,m_17,2,0.99,Mediterranean · halloumi · $13,2026-05-31T06:42:46.458Z
rec_17,conv_17,m_30,3,0.99,Chinese · tofu · $11,2026-05-31T06:42:46.458Z
rec_18,conv_18,m_13,1,0.99,African · none · $3,2026-05-22T06:17:24.962Z
rec_18,conv_18,m_17,2,0.99,Mediterranean · halloumi · $13,2026-05-22T06:17:24.962Z
rec_18,conv_18,m_30,3,0.99,Chinese · tofu · $11,2026-05-22T06:17:24.962Z
rec_19,conv_19,m_13,1,0.99,African · none · $3,2026-05-13T05:55:29.408Z
rec_19,conv_19,m_17,2,0.99,Mediterranean · halloumi · $13,2026-05-13T05:55:29.408Z
rec_19,conv_19,m_30,3,0.99,Chinese · tofu · $11,2026-05-13T05:55:29.408Z
rec_20,conv_20,m_13,1,0.99,African · none · $3,2026-05-04T06:45:19.802Z
rec_20,conv_20,m_17,2,0.99,Mediterranean · halloumi · $13,2026-05-04T06:45:19.802Z
rec_20,conv_20,m_30,3,0.99,Chinese · tofu · $11,2026-05-04T06:45:19.802Z
rec_21,conv_21,m_13,1,0.99,African · none · $3,2026-04-25T05:50:58.698Z
rec_21,conv_21,m_17,2,0.99,Mediterranean · halloumi · $13,2026-04-25T05:50:58.698Z
rec_21,conv_21,m_30,3,0.99,Chinese · tofu · $11,2026-04-25T05:50:58.698Z
rec_22,conv_22,m_13,1,0.99,African · none · $3,2026-04-16T06:12:10.139Z
rec_22,conv_22,m_17,2,0.99,Mediterranean · halloumi · $13,2026-04-16T06:12:10.139Z
rec_22,conv_22,m_30,3,0.99,Chinese · tofu · $11,2026-04-16T06:12:10.139Z
rec_23,conv_23,m_13,1,0.99,African · none · $3,2026-04-07T06:39:21.484Z
rec_23,conv_23,m_17,2,0.99,Mediterranean · halloumi · $13,2026-04-07T06:39:21.484Z
rec_23,conv_23,m_30,3,0.99,Chinese · tofu · $11,2026-04-07T06:39:21.484Z
rec_24,conv_24,m_13,1,0.99,African · none · $3,2026-03-29T05:57:18.454Z
rec_24,conv_24,m_17,2,0.99,Mediterranean · halloumi · $13,2026-03-29T05:57:18.454Z
rec_24,conv_24,m_30,3,0.99,Chinese · tofu · $11,2026-03-29T05:57:18.454Z
rec_25,conv_25,m_13,1,0.99,African · none · $3,2026-03-20T06:24:22.020Z
rec_25,conv_25,m_17,2,0.99,Mediterranean · halloumi · $13,2026-03-20T06:24:22.020Z
rec_25,conv_25,m_30,3,0.99,Chinese · tofu · $11,2026-03-20T06:24:22.020Z
rec_26,conv_26,m_13,1,0.99,African · none · $3,2026-03-11T06:45:17.227Z
rec_26,conv_26,m_17,2,0.99,Mediterranean · halloumi · $13,2026-03-11T06:45:17.227Z
rec_26,conv_26,m_30,3,0.99,Chinese · tofu · $11,2026-03-11T06:45:17.227Z
rec_27,conv_27,m_13,1,0.99,African · none · $3,2026-03-02T06:32:46.495Z
rec_27,conv_27,m_17,2,0.99,Mediterranean · halloumi · $13,2026-03-02T06:32:46.495Z
rec_27,conv_27,m_30,3,0.99,Chinese · tofu · $11,2026-03-02T06:32:46.495Z
rec_28,conv_28,m_13,1,0.99,African · none · $3,2026-02-21T06:30:47.305Z
rec_28,conv_28,m_17,2,0.99,Mediterranean · halloumi · $13,2026-02-21T06:30:47.305Z
rec_28,conv_28,m_30,3,0.99,Chinese · tofu · $11,2026-02-21T06:30:47.305Z
rec_29,conv_29,m_13,1,0.99,African · none · $3,2026-02-12T05:53:27.600Z
rec_29,conv_29,m_17,2,0.99,Mediterranean · halloumi · $13,2026-02-12T05:53:27.600Z
rec_29,conv_29,m_30,3,0.99,Chinese · tofu · $11,2026-02-12T05:53:27.600Z
rec_30,conv_30,m_13,1,0.99,African · none · $3,2026-02-03T06:03:31.878Z
rec_30,conv_30,m_17,2,0.99,Mediterranean · halloumi · $13,2026-02-03T06:03:31.878Z
rec_30,conv_30,m_30,3,0.99,Chinese · tofu · $11,2026-02-03T06:03:31.878Z
rec_31,conv_31,m_13,1,0.99,African · none · $3,2026-01-25T05:59:31.404Z
rec_31,conv_31,m_17,2,0.99,Mediterranean · halloumi · $13,2026-01-25T05:59:31.404Z
rec_31,conv_31,m_30,3,0.99,Chinese · tofu · $11,2026-01-25T05:59:31.404Z
rec_32,conv_32,m_13,1,0.99,African · none · $3,2026-01-16T06:00:49.731Z
rec_32,conv_32,m_17,2,0.99,Mediterranean · halloumi · $13,2026-01-16T06:00:49.731Z
rec_32,conv_32,m_30,3,0.99,Chinese · tofu · $11,2026-01-16T06:00:49.731Z
rec_33,conv_33,m_13,1,0.99,African · none · $3,2026-01-07T06:00:55.244Z
rec_33,conv_33,m_17,2,0.99,Mediterranean · halloumi · $13,2026-01-07T06:00:55.244Z
rec_33,conv_33,m_30,3,0.99,Chinese · tofu · $11,2026-01-07T06:00:55.244Z
rec_34,conv_34,m_13,1,0.99,African · none · $3,2025-12-29T06:39:10.818Z
rec_34,conv_34,m_17,2,0.99,Mediterranean · halloumi · $13,2025-12-29T06:39:10.818Z
rec_34,conv_34,m_30,3,0.99,Chinese · tofu · $11,2025-12-29T06:39:10.818Z
rec_35,conv_35,m_13,1,0.99,African · none · $3,2025-12-20T06:38:50.078Z
rec_35,conv_35,m_17,2,0.99,Mediterranean · halloumi · $13,2025-12-20T06:38:50.078Z
rec_35,conv_35,m_30,3,0.99,Chinese · tofu · $11,2025-12-20T06:38:50.078Z
rec_36,conv_36,m_13,1,0.99,African · none · $3,2025-12-11T05:52:45.793Z
rec_36,conv_36,m_17,2,0.99,Mediterranean · halloumi · $13,2025-12-11T05:52:45.793Z
rec_36,conv_36,m_30,3,0.99,Chinese · tofu · $11,2025-12-11T05:52:45.793Z
rec_37,conv_37,m_25,1,0.99,Korean · chicken · $13.5,2026-10-04T06:17:06.367Z
rec_37,conv_37,m_01,2,0.99,Thai · chicken · $13,2026-10-04T06:17:06.367Z
rec_37,conv_37,m_27,3,0.99,Chinese · chicken · $12.5,2026-10-04T06:17:06.367Z
rec_38,conv_38,m_24,1,0.99,Mexican · none · $3,2026-10-04T05:57:17.675Z
rec_38,conv_38,m_16,2,0.99,Japanese · none · $2.5,2026-10-04T05:57:17.675Z
rec_38,conv_38,m_09,3,0.99,Indian · none · $3.5,2026-10-04T05:57:17.675Z
rec_39,conv_39,m_24,1,0.99,Mexican · none · $3,2026-09-25T06:24:13.478Z
rec_39,conv_39,m_16,2,0.99,Japanese · none · $2.5,2026-09-25T06:24:13.478Z
rec_39,conv_39,m_09,3,0.99,Indian · none · $3.5,2026-09-25T06:24:13.478Z
rec_40,conv_40,m_24,1,0.99,Mexican · none · $3,2026-09-16T06:06:48.473Z
rec_40,conv_40,m_16,2,0.99,Japanese · none · $2.5,2026-09-16T06:06:48.473Z
rec_40,conv_40,m_09,3,0.99,Indian · none · $3.5,2026-09-16T06:06:48.473Z
rec_41,conv_41,m_24,1,0.99,Mexican · none · $3,2026-09-07T06:41:40.092Z
rec_41,conv_41,m_16,2,0.99,Japanese · none · $2.5,2026-09-07T06:41:40.092Z
rec_41,conv_41,m_09,3,0.99,Indian · none · $3.5,2026-09-07T06:41:40.092Z
rec_42,conv_42,m_11,1,0.99,African · beef · $13.5,2026-10-04T06:24:26.367Z
rec_42,conv_42,m_07,2,0.99,Indian · chickpeas · $11,2026-10-04T06:24:26.367Z
rec_42,conv_42,m_22,3,0.99,Mexican · chicken · $12.5,2026-10-04T06:24:26.367Z
rec_43,conv_43,m_11,1,0.99,African · beef · $13.5,2026-09-25T06:25:57.296Z
rec_43,conv_43,m_07,2,0.99,Indian · chickpeas · $11,2026-09-25T06:25:57.296Z
rec_43,conv_43,m_22,3,0.99,Mexican · chicken · $12.5,2026-09-25T06:25:57.296Z
rec_44,conv_44,m_10,1,0.99,African · chicken · $12,2026-10-04T05:55:05.869Z
rec_44,conv_44,m_22,2,0.99,Mexican · chicken · $12.5,2026-10-04T05:55:05.869Z
rec_44,conv_44,m_28,3,0.99,Malaysian · chicken · $12,2026-10-04T05:55:05.869Z
rec_45,conv_45,m_10,1,0.99,African · chicken · $12,2026-09-25T06:28:07.396Z
rec_45,conv_45,m_22,2,0.99,Mexican · chicken · $12.5,2026-09-25T06:28:07.396Z
rec_45,conv_45,m_28,3,0.99,Malaysian · chicken · $12,2026-09-25T06:28:07.396Z
rec_46,conv_46,m_10,1,0.99,African · chicken · $12,2026-09-16T06:46:17.971Z
rec_46,conv_46,m_22,2,0.99,Mexican · chicken · $12.5,2026-09-16T06:46:17.971Z
rec_46,conv_46,m_28,3,0.99,Malaysian · chicken · $12,2026-09-16T06:46:17.971Z
rec_47,conv_47,m_10,1,0.99,African · chicken · $12,2026-09-07T06:39:41.860Z
rec_47,conv_47,m_22,2,0.99,Mexican · chicken · $12.5,2026-09-07T06:39:41.860Z
rec_47,conv_47,m_28,3,0.99,Malaysian · chicken · $12,2026-09-07T06:39:41.860Z
rec_48,conv_48,m_10,1,0.99,African · chicken · $12,2026-08-29T05:57:09.306Z
rec_48,conv_48,m_22,2,0.99,Mexican · chicken · $12.5,2026-08-29T05:57:09.306Z
rec_48,conv_48,m_28,3,0.99,Malaysian · chicken · $12,2026-08-29T05:57:09.306Z
rec_49,conv_49,m_10,1,0.99,African · chicken · $12,2026-08-20T05:54:49.051Z
rec_49,conv_49,m_22,2,0.99,Mexican · chicken · $12.5,2026-08-20T05:54:49.051Z
rec_49,conv_49,m_28,3,0.99,Malaysian · chicken · $12,2026-08-20T05:54:49.051Z
rec_50,conv_50,m_05,1,0.99,Indian · chicken · $12,2026-10-04T06:21:53.067Z
rec_50,conv_50,m_11,2,0.99,African · beef · $13.5,2026-10-04T06:21:53.067Z
rec_50,conv_50,m_01,3,0.99,Thai · chicken · $13,2026-10-04T06:21:53.067Z
rec_51,conv_51,m_05,1,0.99,Indian · chicken · $12,2026-09-25T06:27:29.781Z
rec_51,conv_51,m_11,2,0.99,African · beef · $13.5,2026-09-25T06:27:29.781Z
rec_51,conv_51,m_01,3,0.99,Thai · chicken · $13,2026-09-25T06:27:29.781Z
rec_52,conv_52,m_05,1,0.99,Indian · chicken · $12,2026-09-16T06:17:51.771Z
rec_52,conv_52,m_11,2,0.99,African · beef · $13.5,2026-09-16T06:17:51.771Z
rec_52,conv_52,m_01,3,0.99,Thai · chicken · $13,2026-09-16T06:17:51.771Z
rec_53,conv_53,m_05,1,0.99,Indian · chicken · $12,2026-09-07T06:42:21.085Z
rec_53,conv_53,m_11,2,0.99,African · beef · $13.5,2026-09-07T06:42:21.085Z
rec_53,conv_53,m_01,3,0.99,Thai · chicken · $13,2026-09-07T06:42:21.085Z
rec_54,conv_54,m_08,1,0.84,Indian · none · $4,2026-10-04T06:08:32.462Z
rec_54,conv_54,m_13,2,0.83,African · none · $3,2026-10-04T06:08:32.462Z
rec_54,conv_54,m_09,3,0.83,Indian · none · $3.5,2026-10-04T06:08:32.462Z
rec_55,conv_55,m_08,1,0.84,Indian · none · $4,2026-09-25T06:38:16.430Z
rec_55,conv_55,m_13,2,0.83,African · none · $3,2026-09-25T06:38:16.430Z
rec_55,conv_55,m_09,3,0.83,Indian · none · $3.5,2026-09-25T06:38:16.430Z
rec_56,conv_56,m_08,1,0.84,Indian · none · $4,2026-09-16T06:10:38.964Z
rec_56,conv_56,m_13,2,0.83,African · none · $3,2026-09-16T06:10:38.964Z
rec_56,conv_56,m_09,3,0.83,Indian · none · $3.5,2026-09-16T06:10:38.964Z
rec_57,conv_57,m_08,1,0.84,Indian · none · $4,2026-09-07T06:48:12.306Z
rec_57,conv_57,m_13,2,0.83,African · none · $3,2026-09-07T06:48:12.306Z
rec_57,conv_57,m_09,3,0.83,Indian · none · $3.5,2026-09-07T06:48:12.306Z
rec_58,conv_58,m_08,1,0.84,Indian · none · $4,2026-08-29T06:07:44.141Z
rec_58,conv_58,m_13,2,0.83,African · none · $3,2026-08-29T06:07:44.141Z
rec_58,conv_58,m_09,3,0.83,Indian · none · $3.5,2026-08-29T06:07:44.141Z
rec_59,conv_59,m_08,1,0.84,Indian · none · $4,2026-08-20T06:25:45.275Z
rec_59,conv_59,m_13,2,0.83,African · none · $3,2026-08-20T06:25:45.275Z
rec_59,conv_59,m_09,3,0.83,Indian · none · $3.5,2026-08-20T06:25:45.275Z
rec_60,conv_60,m_05,1,0.99,Indian · chicken · $12,2026-10-04T06:38:57.682Z
rec_60,conv_60,m_22,2,0.99,Mexican · chicken · $12.5,2026-10-04T06:38:57.682Z
rec_60,conv_60,m_19,3,0.99,Mediterranean · chicken · $12,2026-10-04T06:38:57.682Z
rec_61,conv_61,m_05,1,0.99,Indian · chicken · $12,2026-09-25T06:21:40.381Z
rec_61,conv_61,m_22,2,0.99,Mexican · chicken · $12.5,2026-09-25T06:21:40.381Z
rec_61,conv_61,m_19,3,0.99,Mediterranean · chicken · $12,2026-09-25T06:21:40.381Z
rec_62,conv_62,m_05,1,0.99,Indian · chicken · $12,2026-09-16T06:26:57.314Z
rec_62,conv_62,m_22,2,0.99,Mexican · chicken · $12.5,2026-09-16T06:26:57.314Z
rec_62,conv_62,m_19,3,0.99,Mediterranean · chicken · $12,2026-09-16T06:26:57.314Z
rec_63,conv_63,m_07,1,0.99,Indian · chickpeas · $11,2026-10-04T06:45:55.347Z
rec_63,conv_63,m_05,2,0.96,Indian · chicken · $12,2026-10-04T06:45:55.347Z
rec_63,conv_63,m_08,3,0.94,Indian · none · $4,2026-10-04T06:45:55.347Z
rec_64,conv_64,m_07,1,0.99,Indian · chickpeas · $11,2026-09-25T06:29:33.854Z
rec_64,conv_64,m_05,2,0.96,Indian · chicken · $12,2026-09-25T06:29:33.854Z
rec_64,conv_64,m_08,3,0.94,Indian · none · $4,2026-09-25T06:29:33.854Z
rec_65,conv_65,m_28,1,0.99,Malaysian · chicken · $12,2026-10-04T06:00:49.980Z
rec_65,conv_65,m_05,2,0.99,Indian · chicken · $12,2026-10-04T06:00:49.980Z
rec_65,conv_65,m_10,3,0.99,African · chicken · $12,2026-10-04T06:00:49.980Z
rec_66,conv_66,m_28,1,0.99,Malaysian · chicken · $12,2026-09-25T06:14:41.587Z
rec_66,conv_66,m_05,2,0.99,Indian · chicken · $12,2026-09-25T06:14:41.587Z
rec_66,conv_66,m_10,3,0.99,African · chicken · $12,2026-09-25T06:14:41.587Z
rec_67,conv_67,m_17,1,0.99,Mediterranean · halloumi · $13,2026-10-04T06:28:09.036Z
rec_67,conv_67,m_16,2,0.99,Japanese · none · $2.5,2026-10-04T06:28:09.036Z
rec_67,conv_67,m_24,3,0.99,Mexican · none · $3,2026-10-04T06:28:09.036Z
rec_68,conv_68,m_17,1,0.99,Mediterranean · halloumi · $13,2026-09-25T06:35:27.513Z
rec_68,conv_68,m_16,2,0.99,Japanese · none · $2.5,2026-09-25T06:35:27.513Z
rec_68,conv_68,m_24,3,0.99,Mexican · none · $3,2026-09-25T06:35:27.513Z
rec_69,conv_69,m_17,1,0.99,Mediterranean · halloumi · $13,2026-09-16T06:32:38.040Z
rec_69,conv_69,m_16,2,0.99,Japanese · none · $2.5,2026-09-16T06:32:38.040Z
rec_69,conv_69,m_24,3,0.99,Mexican · none · $3,2026-09-16T06:32:38.040Z
rec_70,conv_70,m_07,1,0.96,Indian · chickpeas · $11,2026-10-04T06:15:07.099Z
rec_70,conv_70,m_05,2,0.9,Indian · chicken · $12,2026-10-04T06:15:07.099Z
rec_70,conv_70,m_08,3,0.86,Indian · none · $4,2026-10-04T06:15:07.099Z
rec_71,conv_71,m_07,1,0.96,Indian · chickpeas · $11,2026-09-25T06:40:13.383Z
rec_71,conv_71,m_05,2,0.9,Indian · chicken · $12,2026-09-25T06:40:13.383Z
rec_71,conv_71,m_08,3,0.86,Indian · none · $4,2026-09-25T06:40:13.383Z
rec_72,conv_72,m_07,1,0.96,Indian · chickpeas · $11,2026-09-16T06:13:48.580Z
rec_72,conv_72,m_05,2,0.9,Indian · chicken · $12,2026-09-16T06:13:48.580Z
rec_72,conv_72,m_08,3,0.86,Indian · none · $4,2026-09-16T06:13:48.580Z
rec_73,conv_73,m_07,1,0.99,Indian · chickpeas · $11,2026-10-04T06:43:11.903Z
rec_73,conv_73,m_16,2,0.99,Japanese · none · $2.5,2026-10-04T06:43:11.903Z
rec_73,conv_73,m_23,3,0.99,Mexican · black beans · $11,2026-10-04T06:43:11.903Z
rec_74,conv_74,m_07,1,0.99,Indian · chickpeas · $11,2026-09-25T06:36:26.771Z
rec_74,conv_74,m_16,2,0.99,Japanese · none · $2.5,2026-09-25T06:36:26.771Z
rec_74,conv_74,m_23,3,0.99,Mexican · black beans · $11,2026-09-25T06:36:26.771Z
rec_75,conv_75,m_07,1,0.99,Indian · chickpeas · $11,2026-09-16T06:32:17.205Z
rec_75,conv_75,m_16,2,0.99,Japanese · none · $2.5,2026-09-16T06:32:17.205Z
rec_75,conv_75,m_23,3,0.99,Mexican · black beans · $11,2026-09-16T06:32:17.205Z
rec_76,conv_76,m_07,1,0.99,Indian · chickpeas · $11,2026-09-07T06:24:04.989Z
rec_76,conv_76,m_16,2,0.99,Japanese · none · $2.5,2026-09-07T06:24:04.989Z
rec_76,conv_76,m_23,3,0.99,Mexican · black beans · $11,2026-09-07T06:24:04.989Z
rec_77,conv_77,m_07,1,0.99,Indian · chickpeas · $11,2026-08-29T06:45:21.093Z
rec_77,conv_77,m_16,2,0.99,Japanese · none · $2.5,2026-08-29T06:45:21.093Z
rec_77,conv_77,m_23,3,0.99,Mexican · black beans · $11,2026-08-29T06:45:21.093Z
rec_78,conv_78,m_07,1,0.99,Indian · chickpeas · $11,2026-08-20T06:37:17.717Z
rec_78,conv_78,m_16,2,0.99,Japanese · none · $2.5,2026-08-20T06:37:17.717Z
rec_78,conv_78,m_23,3,0.99,Mexican · black beans · $11,2026-08-20T06:37:17.717Z
rec_79,conv_79,m_11,1,0.99,African · beef · $13.5,2026-10-04T06:08:44.881Z
rec_79,conv_79,m_27,2,0.99,Chinese · chicken · $12.5,2026-10-04T06:08:44.881Z
rec_79,conv_79,m_01,3,0.99,Thai · chicken · $13,2026-10-04T06:08:44.881Z
rec_80,conv_80,m_28,1,0.99,Malaysian · chicken · $12,2026-10-04T05:53:14.973Z
rec_80,conv_80,m_10,2,0.99,African · chicken · $12,2026-10-04T05:53:14.973Z
rec_80,conv_80,m_05,3,0.99,Indian · chicken · $12,2026-10-04T05:53:14.973Z
rec_81,conv_81,m_28,1,0.99,Malaysian · chicken · $12,2026-09-25T06:17:51.318Z
rec_81,conv_81,m_10,2,0.99,African · chicken · $12,2026-09-25T06:17:51.318Z
rec_81,conv_81,m_05,3,0.99,Indian · chicken · $12,2026-09-25T06:17:51.318Z
rec_82,conv_82,m_28,1,0.99,Malaysian · chicken · $12,2026-09-16T06:35:56.995Z
rec_82,conv_82,m_10,2,0.99,African · chicken · $12,2026-09-16T06:35:56.995Z
rec_82,conv_82,m_05,3,0.99,Indian · chicken · $12,2026-09-16T06:35:56.995Z
rec_83,conv_83,m_28,1,0.99,Malaysian · chicken · $12,2026-09-07T06:28:40.899Z
rec_83,conv_83,m_10,2,0.99,African · chicken · $12,2026-09-07T06:28:40.899Z
rec_83,conv_83,m_05,3,0.99,Indian · chicken · $12,2026-09-07T06:28:40.899Z
rec_84,conv_84,m_29,1,0.99,Malaysian · beef · $13,2026-10-04T05:56:15.623Z
rec_84,conv_84,m_22,2,0.99,Mexican · chicken · $12.5,2026-10-04T05:56:15.623Z
rec_84,conv_84,m_05,3,0.99,Indian · chicken · $12,2026-10-04T05:56:15.623Z
rec_85,conv_85,m_29,1,0.99,Malaysian · beef · $13,2026-09-25T05:57:10.197Z
rec_85,conv_85,m_22,2,0.99,Mexican · chicken · $12.5,2026-09-25T05:57:10.197Z
rec_85,conv_85,m_05,3,0.99,Indian · chicken · $12,2026-09-25T05:57:10.197Z
rec_86,conv_86,m_29,1,0.99,Malaysian · beef · $13,2026-09-16T06:33:29.042Z
rec_86,conv_86,m_22,2,0.99,Mexican · chicken · $12.5,2026-09-16T06:33:29.042Z
rec_86,conv_86,m_05,3,0.99,Indian · chicken · $12,2026-09-16T06:33:29.042Z
rec_87,conv_87,m_29,1,0.99,Malaysian · beef · $13,2026-09-07T05:53:16.326Z
rec_87,conv_87,m_22,2,0.99,Mexican · chicken · $12.5,2026-09-07T05:53:16.326Z
rec_87,conv_87,m_05,3,0.99,Indian · chicken · $12,2026-09-07T05:53:16.326Z
rec_88,conv_88,m_29,1,0.99,Malaysian · beef · $13,2026-08-29T06:13:08.671Z
rec_88,conv_88,m_22,2,0.99,Mexican · chicken · $12.5,2026-08-29T06:13:08.671Z
rec_88,conv_88,m_05,3,0.99,Indian · chicken · $12,2026-08-29T06:13:08.671Z
rec_89,conv_89,m_29,1,0.99,Malaysian · beef · $13,2026-08-20T06:26:33.072Z
rec_89,conv_89,m_22,2,0.99,Mexican · chicken · $12.5,2026-08-20T06:26:33.072Z
rec_89,conv_89,m_05,3,0.99,Indian · chicken · $12,2026-08-20T06:26:33.072Z
rec_90,conv_90,m_07,1,0.99,Indian · chickpeas · $11,2026-10-04T06:15:30.191Z
rec_90,conv_90,m_23,2,0.99,Mexican · black beans · $11,2026-10-04T06:15:30.191Z
rec_90,conv_90,m_10,3,0.94,African · chicken · $12,2026-10-04T06:15:30.191Z
rec_91,conv_91,m_07,1,0.99,Indian · chickpeas · $11,2026-09-25T05:58:26.566Z
rec_91,conv_91,m_23,2,0.99,Mexican · black beans · $11,2026-09-25T05:58:26.566Z
rec_91,conv_91,m_10,3,0.94,African · chicken · $12,2026-09-25T05:58:26.566Z
rec_92,conv_92,m_07,1,0.99,Indian · chickpeas · $11,2026-09-16T06:33:11.738Z
rec_92,conv_92,m_23,2,0.99,Mexican · black beans · $11,2026-09-16T06:33:11.738Z
rec_92,conv_92,m_10,3,0.94,African · chicken · $12,2026-09-16T06:33:11.738Z
rec_93,conv_93,m_22,1,0.99,Mexican · chicken · $12.5,2026-10-04T06:18:12.123Z
rec_93,conv_93,m_01,2,0.99,Thai · chicken · $13,2026-10-04T06:18:12.123Z
rec_93,conv_93,m_05,3,0.99,Indian · chicken · $12,2026-10-04T06:18:12.123Z
rec_94,conv_94,m_22,1,0.99,Mexican · chicken · $12.5,2026-09-25T06:27:26.200Z
rec_94,conv_94,m_01,2,0.99,Thai · chicken · $13,2026-09-25T06:27:26.200Z
rec_94,conv_94,m_05,3,0.99,Indian · chicken · $12,2026-09-25T06:27:26.200Z
rec_95,conv_95,m_22,1,0.99,Mexican · chicken · $12.5,2026-10-04T06:13:55.728Z
rec_95,conv_95,m_10,2,0.99,African · chicken · $12,2026-10-04T06:13:55.728Z
rec_95,conv_95,m_05,3,0.99,Indian · chicken · $12,2026-10-04T06:13:55.728Z
rec_96,conv_96,m_22,1,0.99,Mexican · chicken · $12.5,2026-09-25T06:06:09.013Z
rec_96,conv_96,m_10,2,0.99,African · chicken · $12,2026-09-25T06:06:09.013Z
rec_96,conv_96,m_05,3,0.99,Indian · chicken · $12,2026-09-25T06:06:09.013Z
rec_97,conv_97,m_22,1,0.99,Mexican · chicken · $12.5,2026-09-16T06:11:40.640Z
rec_97,conv_97,m_10,2,0.99,African · chicken · $12,2026-09-16T06:11:40.640Z
rec_97,conv_97,m_05,3,0.99,Indian · chicken · $12,2026-09-16T06:11:40.640Z
rec_98,conv_98,m_22,1,0.99,Mexican · chicken · $12.5,2026-09-07T06:01:22.961Z
rec_98,conv_98,m_10,2,0.99,African · chicken · $12,2026-09-07T06:01:22.961Z
rec_98,conv_98,m_05,3,0.99,Indian · chicken · $12,2026-09-07T06:01:22.961Z
rec_99,conv_99,m_22,1,0.99,Mexican · chicken · $12.5,2026-08-29T06:40:37.450Z
rec_99,conv_99,m_10,2,0.99,African · chicken · $12,2026-08-29T06:40:37.450Z
rec_99,conv_99,m_05,3,0.99,Indian · chicken · $12,2026-08-29T06:40:37.450Z
rec_100,conv_100,m_28,1,0.99,Malaysian · chicken · $12,2026-10-04T05:54:42.212Z
rec_100,conv_100,m_10,2,0.99,African · chicken · $12,2026-10-04T05:54:42.212Z
rec_100,conv_100,m_22,3,0.99,Mexican · chicken · $12.5,2026-10-04T05:54:42.212Z
rec_101,conv_101,m_28,1,0.99,Malaysian · chicken · $12,2026-09-25T05:50:51.979Z
rec_101,conv_101,m_10,2,0.99,African · chicken · $12,2026-09-25T05:50:51.979Z
rec_101,conv_101,m_22,3,0.99,Mexican · chicken · $12.5,2026-09-25T05:50:51.979Z
rec_102,conv_102,m_23,1,0.99,Mexican · black beans · $11,2026-10-04T05:53:52.048Z
rec_102,conv_102,m_02,2,0.99,Thai · tofu · $12.5,2026-10-04T05:53:52.048Z
rec_102,conv_102,m_30,3,0.99,Chinese · tofu · $11,2026-10-04T05:53:52.048Z
rec_103,conv_103,m_23,1,0.99,Mexican · black beans · $11,2026-09-25T06:45:01.194Z
rec_103,conv_103,m_02,2,0.99,Thai · tofu · $12.5,2026-09-25T06:45:01.194Z
rec_103,conv_103,m_30,3,0.99,Chinese · tofu · $11,2026-09-25T06:45:01.194Z
rec_104,conv_104,m_27,1,0.99,Chinese · chicken · $12.5,2026-10-04T06:10:35.233Z
rec_104,conv_104,m_11,2,0.99,African · beef · $13.5,2026-10-04T06:10:35.233Z
rec_104,conv_104,m_01,3,0.99,Thai · chicken · $13,2026-10-04T06:10:35.233Z
rec_105,conv_105,m_27,1,0.99,Chinese · chicken · $12.5,2026-09-25T06:36:48.378Z
rec_105,conv_105,m_11,2,0.99,African · beef · $13.5,2026-09-25T06:36:48.378Z
rec_105,conv_105,m_01,3,0.99,Thai · chicken · $13,2026-09-25T06:36:48.378Z
rec_106,conv_106,m_27,1,0.99,Chinese · chicken · $12.5,2026-09-16T05:59:00.568Z
rec_106,conv_106,m_11,2,0.99,African · beef · $13.5,2026-09-16T05:59:00.568Z
rec_106,conv_106,m_01,3,0.99,Thai · chicken · $13,2026-09-16T05:59:00.568Z
rec_107,conv_107,m_27,1,0.99,Chinese · chicken · $12.5,2026-09-07T06:50:14.840Z
rec_107,conv_107,m_11,2,0.99,African · beef · $13.5,2026-09-07T06:50:14.840Z
rec_107,conv_107,m_01,3,0.99,Thai · chicken · $13,2026-09-07T06:50:14.840Z
rec_108,conv_108,m_02,1,0.99,Thai · tofu · $12.5,2026-10-04T06:25:13.102Z
rec_108,conv_108,m_07,2,0.99,Indian · chickpeas · $11,2026-10-04T06:25:13.102Z
rec_108,conv_108,m_13,3,0.99,African · none · $3,2026-10-04T06:25:13.102Z
rec_109,conv_109,m_02,1,0.99,Thai · tofu · $12.5,2026-09-25T06:40:17.957Z
rec_109,conv_109,m_07,2,0.99,Indian · chickpeas · $11,2026-09-25T06:40:17.957Z
rec_109,conv_109,m_13,3,0.99,African · none · $3,2026-09-25T06:40:17.957Z
rec_110,conv_110,m_22,1,0.99,Mexican · chicken · $12.5,2026-10-04T06:33:57.304Z
rec_110,conv_110,m_11,2,0.99,African · beef · $13.5,2026-10-04T06:33:57.304Z
rec_110,conv_110,m_01,3,0.99,Thai · chicken · $13,2026-10-04T06:33:57.304Z
rec_111,conv_111,m_22,1,0.99,Mexican · chicken · $12.5,2026-09-25T06:19:18.945Z
rec_111,conv_111,m_11,2,0.99,African · beef · $13.5,2026-09-25T06:19:18.945Z
rec_111,conv_111,m_01,3,0.99,Thai · chicken · $13,2026-09-25T06:19:18.945Z
rec_112,conv_112,m_22,1,0.99,Mexican · chicken · $12.5,2026-09-16T06:14:57.866Z
rec_112,conv_112,m_11,2,0.99,African · beef · $13.5,2026-09-16T06:14:57.866Z
rec_112,conv_112,m_01,3,0.99,Thai · chicken · $13,2026-09-16T06:14:57.866Z
rec_113,conv_113,m_22,1,0.99,Mexican · chicken · $12.5,2026-09-07T06:21:06.675Z
rec_113,conv_113,m_11,2,0.99,African · beef · $13.5,2026-09-07T06:21:06.675Z
rec_113,conv_113,m_01,3,0.99,Thai · chicken · $13,2026-09-07T06:21:06.675Z
rec_114,conv_114,m_22,1,0.99,Mexican · chicken · $12.5,2026-08-29T06:31:44.096Z
rec_114,conv_114,m_11,2,0.99,African · beef · $13.5,2026-08-29T06:31:44.096Z
rec_114,conv_114,m_01,3,0.99,Thai · chicken · $13,2026-08-29T06:31:44.096Z
rec_115,conv_115,m_07,1,0.93,Indian · chickpeas · $11,2026-10-04T06:27:24.829Z
rec_115,conv_115,m_19,2,0.92,Mediterranean · chicken · $12,2026-10-04T06:27:24.829Z
rec_115,conv_115,m_12,3,0.9,African · none · $3.5,2026-10-04T06:27:24.829Z
rec_116,conv_116,m_07,1,0.93,Indian · chickpeas · $11,2026-09-25T06:46:00.648Z
rec_116,conv_116,m_19,2,0.92,Mediterranean · chicken · $12,2026-09-25T06:46:00.648Z
rec_116,conv_116,m_12,3,0.9,African · none · $3.5,2026-09-25T06:46:00.648Z
rec_117,conv_117,m_03,1,0.99,Thai · beef · $14.5,2026-10-04T06:26:13.099Z
rec_117,conv_117,m_05,2,0.99,Indian · chicken · $12,2026-10-04T06:26:13.099Z
rec_117,conv_117,m_11,3,0.99,African · beef · $13.5,2026-10-04T06:26:13.099Z
rec_118,conv_118,m_03,1,0.99,Thai · beef · $14.5,2026-09-25T05:53:21.557Z
rec_118,conv_118,m_05,2,0.99,Indian · chicken · $12,2026-09-25T05:53:21.557Z
rec_118,conv_118,m_11,3,0.99,African · beef · $13.5,2026-09-25T05:53:21.557Z
rec_119,conv_119,m_03,1,0.99,Thai · beef · $14.5,2026-09-16T06:35:33.748Z
rec_119,conv_119,m_05,2,0.99,Indian · chicken · $12,2026-09-16T06:35:33.748Z
rec_119,conv_119,m_11,3,0.99,African · beef · $13.5,2026-09-16T06:35:33.748Z
rec_120,conv_120,m_03,1,0.99,Thai · beef · $14.5,2026-09-07T06:41:53.596Z
rec_120,conv_120,m_05,2,0.99,Indian · chicken · $12,2026-09-07T06:41:53.596Z
rec_120,conv_120,m_11,3,0.99,African · beef · $13.5,2026-09-07T06:41:53.596Z
rec_121,conv_121,m_03,1,0.99,Thai · beef · $14.5,2026-08-29T06:13:30.923Z
rec_121,conv_121,m_05,2,0.99,Indian · chicken · $12,2026-08-29T06:13:30.923Z
rec_121,conv_121,m_11,3,0.99,African · beef · $13.5,2026-08-29T06:13:30.923Z
rec_122,conv_122,m_03,1,0.99,Thai · beef · $14.5,2026-08-20T06:35:38.994Z
rec_122,conv_122,m_05,2,0.99,Indian · chicken · $12,2026-08-20T06:35:38.994Z
rec_122,conv_122,m_11,3,0.99,African · beef · $13.5,2026-08-20T06:35:38.994Z
rec_123,conv_123,m_23,1,0.95,Mexican · black beans · $11,2026-10-04T06:06:18.950Z
rec_123,conv_123,m_07,2,0.9,Indian · chickpeas · $11,2026-10-04T06:06:18.950Z
rec_123,conv_123,m_24,3,0.9,Mexican · none · $3,2026-10-04T06:06:18.950Z
rec_124,conv_124,m_23,1,0.95,Mexican · black beans · $11,2026-09-25T06:34:45.326Z
rec_124,conv_124,m_07,2,0.9,Indian · chickpeas · $11,2026-09-25T06:34:45.326Z
rec_124,conv_124,m_24,3,0.9,Mexican · none · $3,2026-09-25T06:34:45.326Z
rec_125,conv_125,m_23,1,0.95,Mexican · black beans · $11,2026-09-16T06:23:58.209Z
rec_125,conv_125,m_07,2,0.9,Indian · chickpeas · $11,2026-09-16T06:23:58.209Z
rec_125,conv_125,m_24,3,0.9,Mexican · none · $3,2026-09-16T06:23:58.209Z
rec_126,conv_126,m_23,1,0.95,Mexican · black beans · $11,2026-09-07T06:07:41.098Z
rec_126,conv_126,m_07,2,0.9,Indian · chickpeas · $11,2026-09-07T06:07:41.098Z
rec_126,conv_126,m_24,3,0.9,Mexican · none · $3,2026-09-07T06:07:41.098Z
rec_127,conv_127,m_05,1,0.99,Indian · chicken · $12,2026-10-04T05:58:40.030Z
rec_127,conv_127,m_10,2,0.99,African · chicken · $12,2026-10-04T05:58:40.030Z
rec_127,conv_127,m_22,3,0.99,Mexican · chicken · $12.5,2026-10-04T05:58:40.030Z
rec_128,conv_128,m_05,1,0.99,Indian · chicken · $12,2026-09-25T05:58:51.927Z
rec_128,conv_128,m_10,2,0.99,African · chicken · $12,2026-09-25T05:58:51.927Z
rec_128,conv_128,m_22,3,0.99,Mexican · chicken · $12.5,2026-09-25T05:58:51.927Z
rec_129,conv_129,m_05,1,0.99,Indian · chicken · $12,2026-09-16T06:26:09.353Z
rec_129,conv_129,m_10,2,0.99,African · chicken · $12,2026-09-16T06:26:09.353Z
rec_129,conv_129,m_22,3,0.99,Mexican · chicken · $12.5,2026-09-16T06:26:09.353Z
rec_130,conv_130,m_05,1,0.99,Indian · chicken · $12,2026-09-07T05:57:06.220Z
rec_130,conv_130,m_10,2,0.99,African · chicken · $12,2026-09-07T05:57:06.220Z
rec_130,conv_130,m_22,3,0.99,Mexican · chicken · $12.5,2026-09-07T05:57:06.220Z
rec_131,conv_131,m_05,1,0.99,Indian · chicken · $12,2026-10-04T06:14:49.459Z
rec_131,conv_131,m_28,2,0.99,Malaysian · chicken · $12,2026-10-04T06:14:49.459Z
rec_131,conv_131,m_10,3,0.99,African · chicken · $12,2026-10-04T06:14:49.459Z
rec_132,conv_132,m_05,1,0.99,Indian · chicken · $12,2026-09-25T06:19:40.330Z
rec_132,conv_132,m_28,2,0.99,Malaysian · chicken · $12,2026-09-25T06:19:40.330Z
rec_132,conv_132,m_10,3,0.99,African · chicken · $12,2026-09-25T06:19:40.330Z
rec_133,conv_133,m_05,1,0.99,Indian · chicken · $12,2026-09-16T06:24:55.864Z
rec_133,conv_133,m_28,2,0.99,Malaysian · chicken · $12,2026-09-16T06:24:55.864Z
rec_133,conv_133,m_10,3,0.99,African · chicken · $12,2026-09-16T06:24:55.864Z
rec_134,conv_134,m_22,1,0.99,Mexican · chicken · $12.5,2026-10-04T06:45:37.345Z
rec_134,conv_134,m_05,2,0.99,Indian · chicken · $12,2026-10-04T06:45:37.345Z
rec_134,conv_134,m_01,3,0.99,Thai · chicken · $13,2026-10-04T06:45:37.345Z
rec_135,conv_135,m_22,1,0.99,Mexican · chicken · $12.5,2026-09-25T06:16:29.820Z
rec_135,conv_135,m_05,2,0.99,Indian · chicken · $12,2026-09-25T06:16:29.820Z
rec_135,conv_135,m_01,3,0.99,Thai · chicken · $13,2026-09-25T06:16:29.820Z
rec_136,conv_136,m_22,1,0.99,Mexican · chicken · $12.5,2026-09-16T06:41:57.913Z
rec_136,conv_136,m_05,2,0.99,Indian · chicken · $12,2026-09-16T06:41:57.913Z
rec_136,conv_136,m_01,3,0.99,Thai · chicken · $13,2026-09-16T06:41:57.913Z
rec_137,conv_137,m_22,1,0.99,Mexican · chicken · $12.5,2026-09-07T06:48:56.809Z
rec_137,conv_137,m_05,2,0.99,Indian · chicken · $12,2026-09-07T06:48:56.809Z
rec_137,conv_137,m_01,3,0.99,Thai · chicken · $13,2026-09-07T06:48:56.809Z
rec_138,conv_138,m_16,1,0.99,Japanese · none · $2.5,2026-10-04T06:28:21.501Z
rec_138,conv_138,m_13,2,0.99,African · none · $3,2026-10-04T06:28:21.501Z
rec_138,conv_138,m_02,3,0.99,Thai · tofu · $12.5,2026-10-04T06:28:21.501Z
rec_139,conv_139,m_16,1,0.99,Japanese · none · $2.5,2026-09-25T06:43:31.781Z
rec_139,conv_139,m_13,2,0.99,African · none · $3,2026-09-25T06:43:31.781Z
rec_139,conv_139,m_02,3,0.99,Thai · tofu · $12.5,2026-09-25T06:43:31.781Z
rec_140,conv_140,m_16,1,0.99,Japanese · none · $2.5,2026-09-16T06:23:18.558Z
rec_140,conv_140,m_13,2,0.99,African · none · $3,2026-09-16T06:23:18.558Z
rec_140,conv_140,m_02,3,0.99,Thai · tofu · $12.5,2026-09-16T06:23:18.558Z
rec_141,conv_141,m_16,1,0.99,Japanese · none · $2.5,2026-09-07T06:03:28.621Z
rec_141,conv_141,m_13,2,0.99,African · none · $3,2026-09-07T06:03:28.621Z
rec_141,conv_141,m_02,3,0.99,Thai · tofu · $12.5,2026-09-07T06:03:28.621Z
rec_142,conv_142,m_16,1,0.99,Japanese · none · $2.5,2026-08-29T05:53:04.573Z
rec_142,conv_142,m_13,2,0.99,African · none · $3,2026-08-29T05:53:04.573Z
rec_142,conv_142,m_02,3,0.99,Thai · tofu · $12.5,2026-08-29T05:53:04.573Z
rec_143,conv_143,m_16,1,0.99,Japanese · none · $2.5,2026-08-20T06:14:55.029Z
rec_143,conv_143,m_13,2,0.99,African · none · $3,2026-08-20T06:14:55.029Z
rec_143,conv_143,m_02,3,0.99,Thai · tofu · $12.5,2026-08-20T06:14:55.029Z
rec_144,conv_144,m_27,1,0.99,Chinese · chicken · $12.5,2026-10-04T06:11:07.050Z
rec_144,conv_144,m_28,2,0.99,Malaysian · chicken · $12,2026-10-04T06:11:07.050Z
rec_144,conv_144,m_11,3,0.99,African · beef · $13.5,2026-10-04T06:11:07.050Z
rec_145,conv_145,m_27,1,0.99,Chinese · chicken · $12.5,2026-09-25T06:18:38.099Z
rec_145,conv_145,m_28,2,0.99,Malaysian · chicken · $12,2026-09-25T06:18:38.099Z
rec_145,conv_145,m_11,3,0.99,African · beef · $13.5,2026-09-25T06:18:38.099Z
rec_146,conv_146,m_27,1,0.99,Chinese · chicken · $12.5,2026-09-16T06:09:00.797Z
rec_146,conv_146,m_28,2,0.99,Malaysian · chicken · $12,2026-09-16T06:09:00.797Z
rec_146,conv_146,m_11,3,0.99,African · beef · $13.5,2026-09-16T06:09:00.797Z
rec_147,conv_147,m_13,1,0.99,African · none · $3,2026-10-04T06:32:09.495Z
rec_147,conv_147,m_07,2,0.99,Indian · chickpeas · $11,2026-10-04T06:32:09.495Z
rec_147,conv_147,m_16,3,0.99,Japanese · none · $2.5,2026-10-04T06:32:09.495Z
rec_148,conv_148,m_13,1,0.99,African · none · $3,2026-09-25T06:28:16.933Z
rec_148,conv_148,m_07,2,0.99,Indian · chickpeas · $11,2026-09-25T06:28:16.933Z
rec_148,conv_148,m_16,3,0.99,Japanese · none · $2.5,2026-09-25T06:28:16.933Z
rec_149,conv_149,m_13,1,0.99,African · none · $3,2026-09-16T05:55:33.127Z
rec_149,conv_149,m_07,2,0.99,Indian · chickpeas · $11,2026-09-16T05:55:33.127Z
rec_149,conv_149,m_16,3,0.99,Japanese · none · $2.5,2026-09-16T05:55:33.127Z
rec_150,conv_150,m_22,1,0.99,Mexican · chicken · $12.5,2026-10-04T06:34:18.755Z
rec_150,conv_150,m_11,2,0.99,African · beef · $13.5,2026-10-04T06:34:18.755Z
rec_150,conv_150,m_27,3,0.99,Chinese · chicken · $12.5,2026-10-04T06:34:18.755Z
rec_151,conv_151,m_22,1,0.99,Mexican · chicken · $12.5,2026-09-25T05:54:20.971Z
rec_151,conv_151,m_11,2,0.99,African · beef · $13.5,2026-09-25T05:54:20.971Z
rec_151,conv_151,m_27,3,0.99,Chinese · chicken · $12.5,2026-09-25T05:54:20.971Z
rec_152,conv_152,m_22,1,0.99,Mexican · chicken · $12.5,2026-09-16T06:39:18.844Z
rec_152,conv_152,m_11,2,0.99,African · beef · $13.5,2026-09-16T06:39:18.844Z
rec_152,conv_152,m_27,3,0.99,Chinese · chicken · $12.5,2026-09-16T06:39:18.844Z
rec_153,conv_153,m_30,1,0.94,Chinese · tofu · $11,2026-10-04T06:08:55.978Z
rec_153,conv_153,m_07,2,0.94,Indian · chickpeas · $11,2026-10-04T06:08:55.978Z
rec_153,conv_153,m_23,3,0.93,Mexican · black beans · $11,2026-10-04T06:08:55.978Z
rec_154,conv_154,m_30,1,0.94,Chinese · tofu · $11,2026-09-25T06:38:20.921Z
rec_154,conv_154,m_07,2,0.94,Indian · chickpeas · $11,2026-09-25T06:38:20.921Z
rec_154,conv_154,m_23,3,0.93,Mexican · black beans · $11,2026-09-25T06:38:20.921Z
rec_155,conv_155,m_30,1,0.94,Chinese · tofu · $11,2026-09-16T06:47:03.011Z
rec_155,conv_155,m_07,2,0.94,Indian · chickpeas · $11,2026-09-16T06:47:03.011Z
rec_155,conv_155,m_23,3,0.93,Mexican · black beans · $11,2026-09-16T06:47:03.011Z
rec_156,conv_156,m_30,1,0.94,Chinese · tofu · $11,2026-09-07T06:32:12.954Z
rec_156,conv_156,m_07,2,0.94,Indian · chickpeas · $11,2026-09-07T06:32:12.954Z
rec_156,conv_156,m_23,3,0.93,Mexican · black beans · $11,2026-09-07T06:32:12.954Z
rec_157,conv_157,m_30,1,0.94,Chinese · tofu · $11,2026-08-29T06:34:31.308Z
rec_157,conv_157,m_07,2,0.94,Indian · chickpeas · $11,2026-08-29T06:34:31.308Z
rec_157,conv_157,m_23,3,0.93,Mexican · black beans · $11,2026-08-29T06:34:31.308Z
rec_158,conv_158,m_30,1,0.94,Chinese · tofu · $11,2026-08-20T06:23:12.729Z
rec_158,conv_158,m_07,2,0.94,Indian · chickpeas · $11,2026-08-20T06:23:12.729Z
rec_158,conv_158,m_23,3,0.93,Mexican · black beans · $11,2026-08-20T06:23:12.729Z
rec_159,conv_159,m_22,1,0.99,Mexican · chicken · $12.5,2026-10-04T06:25:10.041Z
rec_159,conv_159,m_29,2,0.99,Malaysian · beef · $13,2026-10-04T06:25:10.041Z
rec_159,conv_159,m_28,3,0.99,Malaysian · chicken · $12,2026-10-04T06:25:10.041Z
rec_160,conv_160,m_22,1,0.99,Mexican · chicken · $12.5,2026-09-25T06:09:50.943Z
rec_160,conv_160,m_29,2,0.99,Malaysian · beef · $13,2026-09-25T06:09:50.943Z
rec_160,conv_160,m_28,3,0.99,Malaysian · chicken · $12,2026-09-25T06:09:50.943Z
rec_161,conv_161,m_10,1,0.95,African · chicken · $12,2026-10-04T05:56:14.854Z
rec_161,conv_161,m_07,2,0.94,Indian · chickpeas · $11,2026-10-04T05:56:14.854Z
rec_161,conv_161,m_13,3,0.93,African · none · $3,2026-10-04T05:56:14.854Z
rec_162,conv_162,m_10,1,0.95,African · chicken · $12,2026-09-25T06:43:33.180Z
rec_162,conv_162,m_07,2,0.94,Indian · chickpeas · $11,2026-09-25T06:43:33.180Z
rec_162,conv_162,m_13,3,0.93,African · none · $3,2026-09-25T06:43:33.180Z
rec_163,conv_163,m_23,1,0.99,Mexican · black beans · $11,2026-10-04T06:21:37.654Z
rec_163,conv_163,m_13,2,0.99,African · none · $3,2026-10-04T06:21:37.654Z
rec_163,conv_163,m_01,3,0.99,Thai · chicken · $13,2026-10-04T06:21:37.654Z
rec_164,conv_164,m_23,1,0.99,Mexican · black beans · $11,2026-09-25T06:39:06.024Z
rec_164,conv_164,m_13,2,0.99,African · none · $3,2026-09-25T06:39:06.024Z
rec_164,conv_164,m_01,3,0.99,Thai · chicken · $13,2026-09-25T06:39:06.024Z
rec_165,conv_165,m_28,1,0.99,Malaysian · chicken · $12,2026-10-04T06:09:38.254Z
rec_165,conv_165,m_05,2,0.99,Indian · chicken · $12,2026-10-04T06:09:38.254Z
rec_165,conv_165,m_10,3,0.99,African · chicken · $12,2026-10-04T06:09:38.254Z
rec_166,conv_166,m_28,1,0.99,Malaysian · chicken · $12,2026-09-25T06:06:06.895Z
rec_166,conv_166,m_05,2,0.99,Indian · chicken · $12,2026-09-25T06:06:06.895Z
rec_166,conv_166,m_10,3,0.99,African · chicken · $12,2026-09-25T06:06:06.895Z
rec_167,conv_167,m_28,1,0.99,Malaysian · chicken · $12,2026-09-16T06:05:47.909Z
rec_167,conv_167,m_05,2,0.99,Indian · chicken · $12,2026-09-16T06:05:47.909Z
rec_167,conv_167,m_10,3,0.99,African · chicken · $12,2026-09-16T06:05:47.909Z
rec_168,conv_168,m_28,1,0.99,Malaysian · chicken · $12,2026-09-07T06:14:13.819Z
rec_168,conv_168,m_05,2,0.99,Indian · chicken · $12,2026-09-07T06:14:13.819Z
rec_168,conv_168,m_10,3,0.99,African · chicken · $12,2026-09-07T06:14:13.819Z
rec_169,conv_169,m_28,1,0.99,Malaysian · chicken · $12,2026-08-29T06:37:23.277Z
rec_169,conv_169,m_05,2,0.99,Indian · chicken · $12,2026-08-29T06:37:23.277Z
rec_169,conv_169,m_10,3,0.99,African · chicken · $12,2026-08-29T06:37:23.277Z
rec_170,conv_170,m_28,1,0.99,Malaysian · chicken · $12,2026-08-20T06:06:07.913Z
rec_170,conv_170,m_05,2,0.99,Indian · chicken · $12,2026-08-20T06:06:07.913Z
rec_170,conv_170,m_10,3,0.99,African · chicken · $12,2026-08-20T06:06:07.913Z
rec_171,conv_171,m_22,1,0.99,Mexican · chicken · $12.5,2026-10-04T06:19:24.843Z
rec_171,conv_171,m_10,2,0.99,African · chicken · $12,2026-10-04T06:19:24.843Z
rec_171,conv_171,m_19,3,0.99,Mediterranean · chicken · $12,2026-10-04T06:19:24.843Z
rec_172,conv_172,m_22,1,0.99,Mexican · chicken · $12.5,2026-09-25T06:43:56.046Z
rec_172,conv_172,m_10,2,0.99,African · chicken · $12,2026-09-25T06:43:56.046Z
rec_172,conv_172,m_19,3,0.99,Mediterranean · chicken · $12,2026-09-25T06:43:56.046Z
rec_173,conv_173,m_22,1,0.99,Mexican · chicken · $12.5,2026-09-16T06:36:06.083Z
rec_173,conv_173,m_10,2,0.99,African · chicken · $12,2026-09-16T06:36:06.083Z
rec_173,conv_173,m_19,3,0.99,Mediterranean · chicken · $12,2026-09-16T06:36:06.083Z
rec_174,conv_174,m_22,1,0.99,Mexican · chicken · $12.5,2026-09-07T06:35:21.536Z
rec_174,conv_174,m_10,2,0.99,African · chicken · $12,2026-09-07T06:35:21.536Z
rec_174,conv_174,m_19,3,0.99,Mediterranean · chicken · $12,2026-09-07T06:35:21.536Z
rec_175,conv_175,m_22,1,0.99,Mexican · chicken · $12.5,2026-08-29T06:31:01.624Z
rec_175,conv_175,m_10,2,0.99,African · chicken · $12,2026-08-29T06:31:01.624Z
rec_175,conv_175,m_19,3,0.99,Mediterranean · chicken · $12,2026-08-29T06:31:01.624Z
rec_176,conv_176,m_23,1,0.99,Mexican · black beans · $11,2026-10-04T06:05:27.611Z
rec_176,conv_176,m_13,2,0.99,African · none · $3,2026-10-04T06:05:27.611Z
rec_176,conv_176,m_30,3,0.99,Chinese · tofu · $11,2026-10-04T06:05:27.611Z
rec_177,conv_177,m_23,1,0.99,Mexican · black beans · $11,2026-09-25T06:00:44.732Z
rec_177,conv_177,m_13,2,0.99,African · none · $3,2026-09-25T06:00:44.732Z
rec_177,conv_177,m_30,3,0.99,Chinese · tofu · $11,2026-09-25T06:00:44.732Z
rec_178,conv_178,m_23,1,0.99,Mexican · black beans · $11,2026-09-16T06:02:55.917Z
rec_178,conv_178,m_13,2,0.99,African · none · $3,2026-09-16T06:02:55.917Z
rec_178,conv_178,m_30,3,0.99,Chinese · tofu · $11,2026-09-16T06:02:55.917Z
rec_179,conv_179,m_23,1,0.99,Mexican · black beans · $11,2026-09-07T06:10:16.566Z
rec_179,conv_179,m_13,2,0.99,African · none · $3,2026-09-07T06:10:16.566Z
rec_179,conv_179,m_30,3,0.99,Chinese · tofu · $11,2026-09-07T06:10:16.566Z
rec_180,conv_180,m_23,1,0.99,Mexican · black beans · $11,2026-08-29T06:23:41.663Z
rec_180,conv_180,m_13,2,0.99,African · none · $3,2026-08-29T06:23:41.663Z
rec_180,conv_180,m_30,3,0.99,Chinese · tofu · $11,2026-08-29T06:23:41.663Z
rec_181,conv_181,m_23,1,0.99,Mexican · black beans · $11,2026-08-20T06:32:09.364Z
rec_181,conv_181,m_13,2,0.99,African · none · $3,2026-08-20T06:32:09.364Z
rec_181,conv_181,m_30,3,0.99,Chinese · tofu · $11,2026-08-20T06:32:09.364Z
rec_182,conv_182,m_10,1,0.99,African · chicken · $12,2026-10-04T06:02:39.301Z
rec_182,conv_182,m_27,2,0.99,Chinese · chicken · $12.5,2026-10-04T06:02:39.301Z
rec_182,conv_182,m_11,3,0.99,African · beef · $13.5,2026-10-04T06:02:39.301Z
rec_183,conv_183,m_10,1,0.99,African · chicken · $12,2026-09-25T05:56:01.400Z
rec_183,conv_183,m_27,2,0.99,Chinese · chicken · $12.5,2026-09-25T05:56:01.400Z
rec_183,conv_183,m_11,3,0.99,African · beef · $13.5,2026-09-25T05:56:01.400Z
rec_184,conv_184,m_10,1,0.99,African · chicken · $12,2026-09-16T06:24:32.819Z
rec_184,conv_184,m_27,2,0.99,Chinese · chicken · $12.5,2026-09-16T06:24:32.819Z
rec_184,conv_184,m_11,3,0.99,African · beef · $13.5,2026-09-16T06:24:32.819Z
rec_185,conv_185,m_10,1,0.99,African · chicken · $12,2026-09-07T05:59:51.422Z
rec_185,conv_185,m_27,2,0.99,Chinese · chicken · $12.5,2026-09-07T05:59:51.422Z
rec_185,conv_185,m_11,3,0.99,African · beef · $13.5,2026-09-07T05:59:51.422Z
rec_186,conv_186,m_23,1,0.99,Mexican · black beans · $11,2026-10-04T06:46:10.868Z
rec_186,conv_186,m_02,2,0.99,Thai · tofu · $12.5,2026-10-04T06:46:10.868Z
rec_186,conv_186,m_18,3,0.99,Mediterranean · chickpeas · $11.5,2026-10-04T06:46:10.868Z
rec_187,conv_187,m_23,1,0.99,Mexican · black beans · $11,2026-09-25T06:32:39.052Z
rec_187,conv_187,m_02,2,0.99,Thai · tofu · $12.5,2026-09-25T06:32:39.052Z
rec_187,conv_187,m_18,3,0.99,Mediterranean · chickpeas · $11.5,2026-09-25T06:32:39.052Z
rec_188,conv_188,m_23,1,0.99,Mexican · black beans · $11,2026-09-16T06:09:00.798Z
rec_188,conv_188,m_02,2,0.99,Thai · tofu · $12.5,2026-09-16T06:09:00.798Z
rec_188,conv_188,m_18,3,0.99,Mediterranean · chickpeas · $11.5,2026-09-16T06:09:00.798Z
rec_189,conv_189,m_01,1,0.99,Thai · chicken · $13,2026-10-04T06:07:09.211Z
rec_189,conv_189,m_11,2,0.99,African · beef · $13.5,2026-10-04T06:07:09.211Z
rec_189,conv_189,m_25,3,0.99,Korean · chicken · $13.5,2026-10-04T06:07:09.211Z
rec_190,conv_190,m_01,1,0.99,Thai · chicken · $13,2026-09-25T06:11:35.439Z
rec_190,conv_190,m_11,2,0.99,African · beef · $13.5,2026-09-25T06:11:35.439Z
rec_190,conv_190,m_25,3,0.99,Korean · chicken · $13.5,2026-09-25T06:11:35.439Z
rec_191,conv_191,m_01,1,0.99,Thai · chicken · $13,2026-09-16T06:00:26.629Z
rec_191,conv_191,m_11,2,0.99,African · beef · $13.5,2026-09-16T06:00:26.629Z
rec_191,conv_191,m_25,3,0.99,Korean · chicken · $13.5,2026-09-16T06:00:26.629Z
rec_192,conv_192,m_01,1,0.99,Thai · chicken · $13,2026-09-07T06:42:00.864Z
rec_192,conv_192,m_11,2,0.99,African · beef · $13.5,2026-09-07T06:42:00.864Z
rec_192,conv_192,m_25,3,0.99,Korean · chicken · $13.5,2026-09-07T06:42:00.864Z
rec_193,conv_193,m_07,1,0.99,Indian · chickpeas · $11,2026-10-04T06:21:10.472Z
rec_193,conv_193,m_10,2,0.97,African · chicken · $12,2026-10-04T06:21:10.472Z
rec_193,conv_193,m_22,3,0.94,Mexican · chicken · $12.5,2026-10-04T06:21:10.472Z
rec_194,conv_194,m_07,1,0.99,Indian · chickpeas · $11,2026-09-25T06:00:51.714Z
rec_194,conv_194,m_10,2,0.97,African · chicken · $12,2026-09-25T06:00:51.714Z
rec_194,conv_194,m_22,3,0.94,Mexican · chicken · $12.5,2026-09-25T06:00:51.714Z
rec_195,conv_195,m_07,1,0.99,Indian · chickpeas · $11,2026-09-16T05:57:46.307Z
rec_195,conv_195,m_10,2,0.97,African · chicken · $12,2026-09-16T05:57:46.307Z
rec_195,conv_195,m_22,3,0.94,Mexican · chicken · $12.5,2026-09-16T05:57:46.307Z
rec_196,conv_196,m_07,1,0.99,Indian · chickpeas · $11,2026-09-07T06:00:00.359Z
rec_196,conv_196,m_10,2,0.97,African · chicken · $12,2026-09-07T06:00:00.359Z
rec_196,conv_196,m_22,3,0.94,Mexican · chicken · $12.5,2026-09-07T06:00:00.359Z
rec_197,conv_197,m_07,1,0.99,Indian · chickpeas · $11,2026-08-29T06:09:10.142Z
rec_197,conv_197,m_10,2,0.97,African · chicken · $12,2026-08-29T06:09:10.142Z
rec_197,conv_197,m_22,3,0.94,Mexican · chicken · $12.5,2026-08-29T06:09:10.142Z
rec_198,conv_198,m_07,1,0.99,Indian · chickpeas · $11,2026-08-20T06:06:33.894Z
rec_198,conv_198,m_10,2,0.97,African · chicken · $12,2026-08-20T06:06:33.894Z
rec_198,conv_198,m_22,3,0.94,Mexican · chicken · $12.5,2026-08-20T06:06:33.894Z
rec_199,conv_199,m_10,1,0.99,African · chicken · $12,2026-10-04T06:26:56.764Z
rec_199,conv_199,m_29,2,0.99,Malaysian · beef · $13,2026-10-04T06:26:56.764Z
rec_199,conv_199,m_22,3,0.99,Mexican · chicken · $12.5,2026-10-04T06:26:56.764Z
rec_200,conv_200,m_10,1,0.99,African · chicken · $12,2026-09-25T06:00:36.601Z
rec_200,conv_200,m_29,2,0.99,Malaysian · beef · $13,2026-09-25T06:00:36.601Z
rec_200,conv_200,m_22,3,0.99,Mexican · chicken · $12.5,2026-09-25T06:00:36.601Z
rec_201,conv_201,m_10,1,0.99,African · chicken · $12,2026-09-16T06:02:41.469Z
rec_201,conv_201,m_29,2,0.99,Malaysian · beef · $13,2026-09-16T06:02:41.469Z
rec_201,conv_201,m_22,3,0.99,Mexican · chicken · $12.5,2026-09-16T06:02:41.469Z
rec_202,conv_202,m_10,1,0.99,African · chicken · $12,2026-09-07T06:03:20.211Z
rec_202,conv_202,m_29,2,0.99,Malaysian · beef · $13,2026-09-07T06:03:20.211Z
rec_202,conv_202,m_22,3,0.99,Mexican · chicken · $12.5,2026-09-07T06:03:20.211Z
rec_203,conv_203,m_10,1,0.99,African · chicken · $12,2026-08-29T05:54:33.439Z
rec_203,conv_203,m_29,2,0.99,Malaysian · beef · $13,2026-08-29T05:54:33.439Z
rec_203,conv_203,m_22,3,0.99,Mexican · chicken · $12.5,2026-08-29T05:54:33.439Z
rec_204,conv_204,m_08,1,0.92,Indian · none · $4,2026-10-04T06:12:45.881Z
rec_204,conv_204,m_13,2,0.91,African · none · $3,2026-10-04T06:12:45.881Z
rec_204,conv_204,m_16,3,0.91,Japanese · none · $2.5,2026-10-04T06:12:45.881Z
rec_205,conv_205,m_08,1,0.92,Indian · none · $4,2026-09-25T06:39:52.399Z
rec_205,conv_205,m_13,2,0.91,African · none · $3,2026-09-25T06:39:52.399Z
rec_205,conv_205,m_16,3,0.91,Japanese · none · $2.5,2026-09-25T06:39:52.399Z
rec_206,conv_206,m_08,1,0.92,Indian · none · $4,2026-09-16T06:49:59.123Z
rec_206,conv_206,m_13,2,0.91,African · none · $3,2026-09-16T06:49:59.123Z
rec_206,conv_206,m_16,3,0.91,Japanese · none · $2.5,2026-09-16T06:49:59.123Z
rec_207,conv_207,m_08,1,0.92,Indian · none · $4,2026-09-07T06:41:50.080Z
rec_207,conv_207,m_13,2,0.91,African · none · $3,2026-09-07T06:41:50.080Z
rec_207,conv_207,m_16,3,0.91,Japanese · none · $2.5,2026-09-07T06:41:50.080Z
rec_208,conv_208,m_08,1,0.92,Indian · none · $4,2026-08-29T06:02:01.666Z
rec_208,conv_208,m_13,2,0.91,African · none · $3,2026-08-29T06:02:01.666Z
rec_208,conv_208,m_16,3,0.91,Japanese · none · $2.5,2026-08-29T06:02:01.666Z
rec_209,conv_209,m_08,1,0.92,Indian · none · $4,2026-08-20T06:16:49.558Z
rec_209,conv_209,m_13,2,0.91,African · none · $3,2026-08-20T06:16:49.558Z
rec_209,conv_209,m_16,3,0.91,Japanese · none · $2.5,2026-08-20T06:16:49.558Z
rec_210,conv_210,m_10,1,0.99,African · chicken · $12,2026-10-04T06:27:55.313Z
rec_210,conv_210,m_01,2,0.99,Thai · chicken · $13,2026-10-04T06:27:55.313Z
rec_210,conv_210,m_25,3,0.99,Korean · chicken · $13.5,2026-10-04T06:27:55.313Z
rec_211,conv_211,m_10,1,0.99,African · chicken · $12,2026-09-25T06:43:01.762Z
rec_211,conv_211,m_01,2,0.99,Thai · chicken · $13,2026-09-25T06:43:01.762Z
rec_211,conv_211,m_25,3,0.99,Korean · chicken · $13.5,2026-09-25T06:43:01.762Z
rec_212,conv_212,m_10,1,0.99,African · chicken · $12,2026-09-16T06:36:17.193Z
rec_212,conv_212,m_01,2,0.99,Thai · chicken · $13,2026-09-16T06:36:17.193Z
rec_212,conv_212,m_25,3,0.99,Korean · chicken · $13.5,2026-09-16T06:36:17.193Z
rec_213,conv_213,m_10,1,0.99,African · chicken · $12,2026-09-07T06:05:39.220Z
rec_213,conv_213,m_01,2,0.99,Thai · chicken · $13,2026-09-07T06:05:39.220Z
rec_213,conv_213,m_25,3,0.99,Korean · chicken · $13.5,2026-09-07T06:05:39.220Z
rec_214,conv_214,m_10,1,0.99,African · chicken · $12,2026-08-29T05:50:46.257Z
rec_214,conv_214,m_01,2,0.99,Thai · chicken · $13,2026-08-29T05:50:46.257Z
rec_214,conv_214,m_25,3,0.99,Korean · chicken · $13.5,2026-08-29T05:50:46.257Z
rec_215,conv_215,m_08,1,0.92,Indian · none · $4,2026-10-04T06:28:13.831Z
rec_215,conv_215,m_16,2,0.9,Japanese · none · $2.5,2026-10-04T06:28:13.831Z
rec_215,conv_215,m_04,3,0.84,Thai · none · $3.5,2026-10-04T06:28:13.831Z
rec_216,conv_216,m_08,1,0.92,Indian · none · $4,2026-09-25T06:32:31.590Z
rec_216,conv_216,m_16,2,0.9,Japanese · none · $2.5,2026-09-25T06:32:31.590Z
rec_216,conv_216,m_04,3,0.84,Thai · none · $3.5,2026-09-25T06:32:31.590Z
rec_217,conv_217,m_08,1,0.92,Indian · none · $4,2026-09-16T06:08:32.451Z
rec_217,conv_217,m_16,2,0.9,Japanese · none · $2.5,2026-09-16T06:08:32.451Z
rec_217,conv_217,m_04,3,0.84,Thai · none · $3.5,2026-09-16T06:08:32.451Z
rec_218,conv_218,m_08,1,0.92,Indian · none · $4,2026-09-07T06:21:18.773Z
rec_218,conv_218,m_16,2,0.9,Japanese · none · $2.5,2026-09-07T06:21:18.773Z
rec_218,conv_218,m_04,3,0.84,Thai · none · $3.5,2026-09-07T06:21:18.773Z
rec_219,conv_219,m_10,1,0.99,African · chicken · $12,2026-10-04T06:40:13.665Z
rec_219,conv_219,m_28,2,0.99,Malaysian · chicken · $12,2026-10-04T06:40:13.665Z
rec_219,conv_219,m_22,3,0.99,Mexican · chicken · $12.5,2026-10-04T06:40:13.665Z
rec_220,conv_220,m_10,1,0.99,African · chicken · $12,2026-09-25T05:57:54.598Z
rec_220,conv_220,m_28,2,0.99,Malaysian · chicken · $12,2026-09-25T05:57:54.598Z
rec_220,conv_220,m_22,3,0.99,Mexican · chicken · $12.5,2026-09-25T05:57:54.598Z
rec_221,conv_221,m_10,1,0.99,African · chicken · $12,2026-09-16T06:11:23.382Z
rec_221,conv_221,m_28,2,0.99,Malaysian · chicken · $12,2026-09-16T06:11:23.382Z
rec_221,conv_221,m_22,3,0.99,Mexican · chicken · $12.5,2026-09-16T06:11:23.382Z
rec_222,conv_222,m_10,1,0.99,African · chicken · $12,2026-09-07T06:13:56.173Z
rec_222,conv_222,m_28,2,0.99,Malaysian · chicken · $12,2026-09-07T06:13:56.173Z
rec_222,conv_222,m_22,3,0.99,Mexican · chicken · $12.5,2026-09-07T06:13:56.173Z
rec_223,conv_223,m_18,1,0.99,Mediterranean · chickpeas · $11.5,2026-10-04T05:51:45.686Z
rec_223,conv_223,m_24,2,0.99,Mexican · none · $3,2026-10-04T05:51:45.686Z
rec_223,conv_223,m_13,3,0.99,African · none · $3,2026-10-04T05:51:45.686Z
rec_224,conv_224,m_18,1,0.99,Mediterranean · chickpeas · $11.5,2026-09-25T06:26:47.129Z
rec_224,conv_224,m_24,2,0.99,Mexican · none · $3,2026-09-25T06:26:47.129Z
rec_224,conv_224,m_13,3,0.99,African · none · $3,2026-09-25T06:26:47.129Z
rec_225,conv_225,m_27,1,0.99,Chinese · chicken · $12.5,2026-10-04T06:18:25.295Z
rec_225,conv_225,m_11,2,0.99,African · beef · $13.5,2026-10-04T06:18:25.295Z
rec_225,conv_225,m_01,3,0.99,Thai · chicken · $13,2026-10-04T06:18:25.295Z
rec_226,conv_226,m_27,1,0.99,Chinese · chicken · $12.5,2026-09-25T06:48:56.421Z
rec_226,conv_226,m_11,2,0.99,African · beef · $13.5,2026-09-25T06:48:56.421Z
rec_226,conv_226,m_01,3,0.99,Thai · chicken · $13,2026-09-25T06:48:56.421Z
rec_227,conv_227,m_23,1,0.99,Mexican · black beans · $11,2026-10-04T06:07:20.749Z
rec_227,conv_227,m_07,2,0.99,Indian · chickpeas · $11,2026-10-04T06:07:20.749Z
rec_227,conv_227,m_16,3,0.99,Japanese · none · $2.5,2026-10-04T06:07:20.749Z
rec_228,conv_228,m_23,1,0.99,Mexican · black beans · $11,2026-09-25T06:20:36.570Z
rec_228,conv_228,m_07,2,0.99,Indian · chickpeas · $11,2026-09-25T06:20:36.570Z
rec_228,conv_228,m_16,3,0.99,Japanese · none · $2.5,2026-09-25T06:20:36.570Z
rec_229,conv_229,m_23,1,0.99,Mexican · black beans · $11,2026-09-16T06:20:53.851Z
rec_229,conv_229,m_07,2,0.99,Indian · chickpeas · $11,2026-09-16T06:20:53.851Z
rec_229,conv_229,m_16,3,0.99,Japanese · none · $2.5,2026-09-16T06:20:53.851Z
rec_230,conv_230,m_22,1,0.99,Mexican · chicken · $12.5,2026-10-04T06:04:26.953Z
rec_230,conv_230,m_01,2,0.99,Thai · chicken · $13,2026-10-04T06:04:26.953Z
rec_230,conv_230,m_07,3,0.99,Indian · chickpeas · $11,2026-10-04T06:04:26.953Z
rec_231,conv_231,m_22,1,0.99,Mexican · chicken · $12.5,2026-09-25T06:13:53.786Z
rec_231,conv_231,m_01,2,0.99,Thai · chicken · $13,2026-09-25T06:13:53.786Z
rec_231,conv_231,m_07,3,0.99,Indian · chickpeas · $11,2026-09-25T06:13:53.786Z
rec_232,conv_232,m_22,1,0.99,Mexican · chicken · $12.5,2026-09-16T06:37:43.846Z
rec_232,conv_232,m_01,2,0.99,Thai · chicken · $13,2026-09-16T06:37:43.846Z
rec_232,conv_232,m_07,3,0.99,Indian · chickpeas · $11,2026-09-16T06:37:43.846Z
rec_233,conv_233,m_22,1,0.99,Mexican · chicken · $12.5,2026-09-07T06:05:42.128Z
rec_233,conv_233,m_01,2,0.99,Thai · chicken · $13,2026-09-07T06:05:42.128Z
rec_233,conv_233,m_07,3,0.99,Indian · chickpeas · $11,2026-09-07T06:05:42.128Z
rec_234,conv_234,m_23,1,0.99,Mexican · black beans · $11,2026-10-04T06:03:36.245Z
rec_234,conv_234,m_07,2,0.95,Indian · chickpeas · $11,2026-10-04T06:03:36.245Z
rec_234,conv_234,m_05,3,0.92,Indian · chicken · $12,2026-10-04T06:03:36.245Z
rec_235,conv_235,m_23,1,0.99,Mexican · black beans · $11,2026-09-25T06:23:18.817Z
rec_235,conv_235,m_07,2,0.95,Indian · chickpeas · $11,2026-09-25T06:23:18.817Z
rec_235,conv_235,m_05,3,0.92,Indian · chicken · $12,2026-09-25T06:23:18.817Z
rec_236,conv_236,m_26,1,0.99,Korean · beef · $14,2026-10-04T06:04:43.496Z
rec_236,conv_236,m_03,2,0.99,Thai · beef · $14.5,2026-10-04T06:04:43.496Z
rec_236,conv_236,m_29,3,0.99,Malaysian · beef · $13,2026-10-04T06:04:43.496Z
rec_237,conv_237,m_26,1,0.99,Korean · beef · $14,2026-09-25T06:40:12.886Z
rec_237,conv_237,m_03,2,0.99,Thai · beef · $14.5,2026-09-25T06:40:12.886Z
rec_237,conv_237,m_29,3,0.99,Malaysian · beef · $13,2026-09-25T06:40:12.886Z
rec_238,conv_238,m_26,1,0.99,Korean · beef · $14,2026-09-16T05:56:41.060Z
rec_238,conv_238,m_03,2,0.99,Thai · beef · $14.5,2026-09-16T05:56:41.060Z
rec_238,conv_238,m_29,3,0.99,Malaysian · beef · $13,2026-09-16T05:56:41.060Z
rec_239,conv_239,m_26,1,0.99,Korean · beef · $14,2026-09-07T06:02:17.740Z
rec_239,conv_239,m_03,2,0.99,Thai · beef · $14.5,2026-09-07T06:02:17.740Z
rec_239,conv_239,m_29,3,0.99,Malaysian · beef · $13,2026-09-07T06:02:17.740Z
rec_240,conv_240,m_07,1,0.99,Indian · chickpeas · $11,2026-10-04T06:33:44.945Z
rec_240,conv_240,m_10,2,0.95,African · chicken · $12,2026-10-04T06:33:44.945Z
rec_240,conv_240,m_28,3,0.94,Malaysian · chicken · $12,2026-10-04T06:33:44.945Z
rec_241,conv_241,m_07,1,0.99,Indian · chickpeas · $11,2026-09-25T06:11:24.177Z
rec_241,conv_241,m_10,2,0.95,African · chicken · $12,2026-09-25T06:11:24.177Z
rec_241,conv_241,m_28,3,0.94,Malaysian · chicken · $12,2026-09-25T06:11:24.177Z
rec_242,conv_242,m_28,1,0.99,Malaysian · chicken · $12,2026-10-04T05:55:37.934Z
rec_242,conv_242,m_22,2,0.99,Mexican · chicken · $12.5,2026-10-04T05:55:37.934Z
rec_242,conv_242,m_10,3,0.99,African · chicken · $12,2026-10-04T05:55:37.934Z
rec_243,conv_243,m_28,1,0.99,Malaysian · chicken · $12,2026-09-25T06:40:48.175Z
rec_243,conv_243,m_22,2,0.99,Mexican · chicken · $12.5,2026-09-25T06:40:48.175Z
rec_243,conv_243,m_10,3,0.99,African · chicken · $12,2026-09-25T06:40:48.175Z
rec_244,conv_244,m_28,1,0.99,Malaysian · chicken · $12,2026-09-16T06:01:12.902Z
rec_244,conv_244,m_22,2,0.99,Mexican · chicken · $12.5,2026-09-16T06:01:12.902Z
rec_244,conv_244,m_10,3,0.99,African · chicken · $12,2026-09-16T06:01:12.902Z
rec_245,conv_245,m_28,1,0.99,Malaysian · chicken · $12,2026-09-07T06:24:13.044Z
rec_245,conv_245,m_22,2,0.99,Mexican · chicken · $12.5,2026-09-07T06:24:13.044Z
rec_245,conv_245,m_10,3,0.99,African · chicken · $12,2026-09-07T06:24:13.044Z
rec_246,conv_246,m_28,1,0.99,Malaysian · chicken · $12,2026-08-29T06:28:28.537Z
rec_246,conv_246,m_22,2,0.99,Mexican · chicken · $12.5,2026-08-29T06:28:28.537Z
rec_246,conv_246,m_10,3,0.99,African · chicken · $12,2026-08-29T06:28:28.537Z
rec_247,conv_247,m_08,1,0.99,Indian · none · $4,2026-10-04T06:20:32.578Z
rec_247,conv_247,m_07,2,0.97,Indian · chickpeas · $11,2026-10-04T06:20:32.578Z
rec_247,conv_247,m_05,3,0.95,Indian · chicken · $12,2026-10-04T06:20:32.578Z
rec_248,conv_248,m_08,1,0.99,Indian · none · $4,2026-09-25T06:04:08.353Z
rec_248,conv_248,m_07,2,0.97,Indian · chickpeas · $11,2026-09-25T06:04:08.353Z
rec_248,conv_248,m_05,3,0.95,Indian · chicken · $12,2026-09-25T06:04:08.353Z
rec_249,conv_249,m_08,1,0.99,Indian · none · $4,2026-09-16T06:27:00.255Z
rec_249,conv_249,m_07,2,0.97,Indian · chickpeas · $11,2026-09-16T06:27:00.255Z
rec_249,conv_249,m_05,3,0.95,Indian · chicken · $12,2026-09-16T06:27:00.255Z
rec_250,conv_250,m_08,1,0.99,Indian · none · $4,2026-09-07T06:42:40.483Z
rec_250,conv_250,m_07,2,0.97,Indian · chickpeas · $11,2026-09-07T06:42:40.483Z
rec_250,conv_250,m_05,3,0.95,Indian · chicken · $12,2026-09-07T06:42:40.483Z
rec_251,conv_251,m_22,1,0.99,Mexican · chicken · $12.5,2026-10-04T06:33:17.012Z
rec_251,conv_251,m_05,2,0.99,Indian · chicken · $12,2026-10-04T06:33:17.012Z
rec_251,conv_251,m_27,3,0.99,Chinese · chicken · $12.5,2026-10-04T06:33:17.012Z
rec_252,conv_252,m_22,1,0.99,Mexican · chicken · $12.5,2026-09-25T06:49:52.548Z
rec_252,conv_252,m_05,2,0.99,Indian · chicken · $12,2026-09-25T06:49:52.548Z
rec_252,conv_252,m_27,3,0.99,Chinese · chicken · $12.5,2026-09-25T06:49:52.548Z
rec_253,conv_253,m_22,1,0.99,Mexican · chicken · $12.5,2026-09-16T06:34:32.432Z
rec_253,conv_253,m_05,2,0.99,Indian · chicken · $12,2026-09-16T06:34:32.432Z
rec_253,conv_253,m_27,3,0.99,Chinese · chicken · $12.5,2026-09-16T06:34:32.432Z
rec_254,conv_254,m_22,1,0.99,Mexican · chicken · $12.5,2026-09-07T06:45:59.642Z
rec_254,conv_254,m_05,2,0.99,Indian · chicken · $12,2026-09-07T06:45:59.642Z
rec_254,conv_254,m_27,3,0.99,Chinese · chicken · $12.5,2026-09-07T06:45:59.642Z
rec_255,conv_255,m_22,1,0.99,Mexican · chicken · $12.5,2026-08-29T06:24:58.575Z
rec_255,conv_255,m_05,2,0.99,Indian · chicken · $12,2026-08-29T06:24:58.575Z
rec_255,conv_255,m_27,3,0.99,Chinese · chicken · $12.5,2026-08-29T06:24:58.575Z
rec_256,conv_256,m_13,1,0.99,African · none · $3,2026-10-04T05:54:52.615Z
rec_256,conv_256,m_17,2,0.99,Mediterranean · halloumi · $13,2026-10-04T05:54:52.615Z
rec_256,conv_256,m_23,3,0.99,Mexican · black beans · $11,2026-10-04T05:54:52.615Z
rec_257,conv_257,m_13,1,0.99,African · none · $3,2026-09-25T06:41:32.578Z
rec_257,conv_257,m_17,2,0.99,Mediterranean · halloumi · $13,2026-09-25T06:41:32.578Z
rec_257,conv_257,m_23,3,0.99,Mexican · black beans · $11,2026-09-25T06:41:32.578Z
rec_258,conv_258,m_13,1,0.99,African · none · $3,2026-09-16T05:59:01.247Z
rec_258,conv_258,m_17,2,0.99,Mediterranean · halloumi · $13,2026-09-16T05:59:01.247Z
rec_258,conv_258,m_23,3,0.99,Mexican · black beans · $11,2026-09-16T05:59:01.247Z
rec_259,conv_259,m_13,1,0.99,African · none · $3,2026-09-07T06:20:43.075Z
rec_259,conv_259,m_17,2,0.99,Mediterranean · halloumi · $13,2026-09-07T06:20:43.075Z
rec_259,conv_259,m_23,3,0.99,Mexican · black beans · $11,2026-09-07T06:20:43.075Z
rec_260,conv_260,m_27,1,0.99,Chinese · chicken · $12.5,2026-10-04T06:10:32.945Z
rec_260,conv_260,m_28,2,0.99,Malaysian · chicken · $12,2026-10-04T06:10:32.945Z
rec_260,conv_260,m_10,3,0.99,African · chicken · $12,2026-10-04T06:10:32.945Z
rec_261,conv_261,m_27,1,0.99,Chinese · chicken · $12.5,2026-09-25T06:42:19.833Z
rec_261,conv_261,m_28,2,0.99,Malaysian · chicken · $12,2026-09-25T06:42:19.833Z
rec_261,conv_261,m_10,3,0.99,African · chicken · $12,2026-09-25T06:42:19.833Z
rec_262,conv_262,m_27,1,0.99,Chinese · chicken · $12.5,2026-09-16T06:32:24.529Z
rec_262,conv_262,m_28,2,0.99,Malaysian · chicken · $12,2026-09-16T06:32:24.529Z
rec_262,conv_262,m_10,3,0.99,African · chicken · $12,2026-09-16T06:32:24.529Z
rec_263,conv_263,m_27,1,0.99,Chinese · chicken · $12.5,2026-09-07T06:37:40.727Z
rec_263,conv_263,m_28,2,0.99,Malaysian · chicken · $12,2026-09-07T06:37:40.727Z
rec_263,conv_263,m_10,3,0.99,African · chicken · $12,2026-09-07T06:37:40.727Z
rec_264,conv_264,m_07,1,0.99,Indian · chickpeas · $11,2026-10-04T05:51:53.060Z
rec_264,conv_264,m_02,2,0.99,Thai · tofu · $12.5,2026-10-04T05:51:53.060Z
rec_264,conv_264,m_16,3,0.99,Japanese · none · $2.5,2026-10-04T05:51:53.060Z
rec_265,conv_265,m_07,1,0.99,Indian · chickpeas · $11,2026-09-25T06:33:04.739Z
rec_265,conv_265,m_02,2,0.99,Thai · tofu · $12.5,2026-09-25T06:33:04.739Z
rec_265,conv_265,m_16,3,0.99,Japanese · none · $2.5,2026-09-25T06:33:04.739Z
rec_266,conv_266,m_11,1,0.99,African · beef · $13.5,2026-10-04T06:32:30.304Z
rec_266,conv_266,m_29,2,0.99,Malaysian · beef · $13,2026-10-04T06:32:30.304Z
rec_266,conv_266,m_03,3,0.99,Thai · beef · $14.5,2026-10-04T06:32:30.304Z
rec_267,conv_267,m_11,1,0.99,African · beef · $13.5,2026-09-25T06:30:58.757Z
rec_267,conv_267,m_29,2,0.99,Malaysian · beef · $13,2026-09-25T06:30:58.757Z
rec_267,conv_267,m_03,3,0.99,Thai · beef · $14.5,2026-09-25T06:30:58.757Z
rec_268,conv_268,m_11,1,0.99,African · beef · $13.5,2026-09-16T05:55:52.424Z
rec_268,conv_268,m_29,2,0.99,Malaysian · beef · $13,2026-09-16T05:55:52.424Z
rec_268,conv_268,m_03,3,0.99,Thai · beef · $14.5,2026-09-16T05:55:52.424Z
rec_269,conv_269,m_13,1,0.94,African · none · $3,2026-10-04T06:28:14.517Z
rec_269,conv_269,m_10,2,0.93,African · chicken · $12,2026-10-04T06:28:14.517Z
rec_269,conv_269,m_05,3,0.91,Indian · chicken · $12,2026-10-04T06:28:14.517Z
rec_270,conv_270,m_13,1,0.94,African · none · $3,2026-09-25T05:52:36.952Z
rec_270,conv_270,m_10,2,0.93,African · chicken · $12,2026-09-25T05:52:36.952Z
rec_270,conv_270,m_05,3,0.91,Indian · chicken · $12,2026-09-25T05:52:36.952Z
rec_271,conv_271,m_13,1,0.94,African · none · $3,2026-09-16T06:48:14.120Z
rec_271,conv_271,m_10,2,0.93,African · chicken · $12,2026-09-16T06:48:14.120Z
rec_271,conv_271,m_05,3,0.91,Indian · chicken · $12,2026-09-16T06:48:14.120Z
rec_272,conv_272,m_13,1,0.94,African · none · $3,2026-09-07T05:53:23.376Z
rec_272,conv_272,m_10,2,0.93,African · chicken · $12,2026-09-07T05:53:23.376Z
rec_272,conv_272,m_05,3,0.91,Indian · chicken · $12,2026-09-07T05:53:23.376Z
rec_273,conv_273,m_22,1,0.99,Mexican · chicken · $12.5,2026-10-04T06:48:26.040Z
rec_273,conv_273,m_29,2,0.99,Malaysian · beef · $13,2026-10-04T06:48:26.040Z
rec_273,conv_273,m_26,3,0.99,Korean · beef · $14,2026-10-04T06:48:26.040Z
rec_274,conv_274,m_22,1,0.99,Mexican · chicken · $12.5,2026-09-25T06:17:33.378Z
rec_274,conv_274,m_29,2,0.99,Malaysian · beef · $13,2026-09-25T06:17:33.378Z
rec_274,conv_274,m_26,3,0.99,Korean · beef · $14,2026-09-25T06:17:33.378Z
rec_275,conv_275,m_22,1,0.99,Mexican · chicken · $12.5,2026-09-16T06:03:36.358Z
rec_275,conv_275,m_29,2,0.99,Malaysian · beef · $13,2026-09-16T06:03:36.358Z
rec_275,conv_275,m_26,3,0.99,Korean · beef · $14,2026-09-16T06:03:36.358Z
rec_276,conv_276,m_22,1,0.99,Mexican · chicken · $12.5,2026-09-07T06:13:58.022Z
rec_276,conv_276,m_29,2,0.99,Malaysian · beef · $13,2026-09-07T06:13:58.022Z
rec_276,conv_276,m_26,3,0.99,Korean · beef · $14,2026-09-07T06:13:58.022Z
rec_277,conv_277,m_22,1,0.99,Mexican · chicken · $12.5,2026-08-29T06:08:13.682Z
rec_277,conv_277,m_29,2,0.99,Malaysian · beef · $13,2026-08-29T06:08:13.682Z
rec_277,conv_277,m_26,3,0.99,Korean · beef · $14,2026-08-29T06:08:13.682Z
rec_278,conv_278,m_24,1,0.91,Mexican · none · $3,2026-10-04T05:51:29.220Z
rec_278,conv_278,m_05,2,0.83,Indian · chicken · $12,2026-10-04T05:51:29.220Z
rec_278,conv_278,m_28,3,0.82,Malaysian · chicken · $12,2026-10-04T05:51:29.220Z
rec_279,conv_279,m_24,1,0.91,Mexican · none · $3,2026-09-25T06:18:07.804Z
rec_279,conv_279,m_05,2,0.83,Indian · chicken · $12,2026-09-25T06:18:07.804Z
rec_279,conv_279,m_28,3,0.82,Malaysian · chicken · $12,2026-09-25T06:18:07.804Z
rec_280,conv_280,m_22,1,0.99,Mexican · chicken · $12.5,2026-10-04T06:20:45.325Z
rec_280,conv_280,m_07,2,0.99,Indian · chickpeas · $11,2026-10-04T06:20:45.325Z
rec_280,conv_280,m_05,3,0.99,Indian · chicken · $12,2026-10-04T06:20:45.325Z
rec_281,conv_281,m_22,1,0.99,Mexican · chicken · $12.5,2026-09-25T06:36:48.065Z
rec_281,conv_281,m_07,2,0.99,Indian · chickpeas · $11,2026-09-25T06:36:48.065Z
rec_281,conv_281,m_05,3,0.99,Indian · chicken · $12,2026-09-25T06:36:48.065Z
rec_282,conv_282,m_22,1,0.99,Mexican · chicken · $12.5,2026-09-16T06:40:18.532Z
rec_282,conv_282,m_07,2,0.99,Indian · chickpeas · $11,2026-09-16T06:40:18.532Z
rec_282,conv_282,m_05,3,0.99,Indian · chicken · $12,2026-09-16T06:40:18.532Z
rec_283,conv_283,m_22,1,0.99,Mexican · chicken · $12.5,2026-09-07T05:54:33.922Z
rec_283,conv_283,m_07,2,0.99,Indian · chickpeas · $11,2026-09-07T05:54:33.922Z
rec_283,conv_283,m_05,3,0.99,Indian · chicken · $12,2026-09-07T05:54:33.922Z
rec_284,conv_284,m_10,1,0.99,African · chicken · $12,2026-10-04T05:51:49.957Z
rec_284,conv_284,m_05,2,0.98,Indian · chicken · $12,2026-10-04T05:51:49.957Z
rec_284,conv_284,m_28,3,0.91,Malaysian · chicken · $12,2026-10-04T05:51:49.957Z
rec_285,conv_285,m_10,1,0.99,African · chicken · $12,2026-09-25T06:08:55.627Z
rec_285,conv_285,m_05,2,0.98,Indian · chicken · $12,2026-09-25T06:08:55.627Z
rec_285,conv_285,m_28,3,0.91,Malaysian · chicken · $12,2026-09-25T06:08:55.627Z
rec_286,conv_286,m_10,1,0.99,African · chicken · $12,2026-09-16T06:22:03.904Z
rec_286,conv_286,m_05,2,0.98,Indian · chicken · $12,2026-09-16T06:22:03.904Z
rec_286,conv_286,m_28,3,0.91,Malaysian · chicken · $12,2026-09-16T06:22:03.904Z
rec_287,conv_287,m_10,1,0.99,African · chicken · $12,2026-09-07T06:30:24.969Z
rec_287,conv_287,m_05,2,0.98,Indian · chicken · $12,2026-09-07T06:30:24.969Z
rec_287,conv_287,m_28,3,0.91,Malaysian · chicken · $12,2026-09-07T06:30:24.969Z
rec_288,conv_288,m_10,1,0.99,African · chicken · $12,2026-08-29T06:45:00.946Z
rec_288,conv_288,m_05,2,0.98,Indian · chicken · $12,2026-08-29T06:45:00.946Z
rec_288,conv_288,m_28,3,0.91,Malaysian · chicken · $12,2026-08-29T06:45:00.946Z
rec_289,conv_289,m_22,1,0.99,Mexican · chicken · $12.5,2026-10-04T06:24:15.882Z
rec_289,conv_289,m_01,2,0.99,Thai · chicken · $13,2026-10-04T06:24:15.882Z
rec_289,conv_289,m_27,3,0.99,Chinese · chicken · $12.5,2026-10-04T06:24:15.882Z
rec_290,conv_290,m_22,1,0.99,Mexican · chicken · $12.5,2026-09-25T06:49:23.014Z
rec_290,conv_290,m_01,2,0.99,Thai · chicken · $13,2026-09-25T06:49:23.014Z
rec_290,conv_290,m_27,3,0.99,Chinese · chicken · $12.5,2026-09-25T06:49:23.014Z
rec_291,conv_291,m_22,1,0.99,Mexican · chicken · $12.5,2026-09-16T05:57:21.357Z
rec_291,conv_291,m_01,2,0.99,Thai · chicken · $13,2026-09-16T05:57:21.357Z
rec_291,conv_291,m_27,3,0.99,Chinese · chicken · $12.5,2026-09-16T05:57:21.357Z
rec_292,conv_292,m_22,1,0.99,Mexican · chicken · $12.5,2026-09-07T06:14:50.574Z
rec_292,conv_292,m_01,2,0.99,Thai · chicken · $13,2026-09-07T06:14:50.574Z
rec_292,conv_292,m_27,3,0.99,Chinese · chicken · $12.5,2026-09-07T06:14:50.574Z
rec_293,conv_293,m_22,1,0.99,Mexican · chicken · $12.5,2026-08-29T06:42:48.222Z
rec_293,conv_293,m_01,2,0.99,Thai · chicken · $13,2026-08-29T06:42:48.222Z
rec_293,conv_293,m_27,3,0.99,Chinese · chicken · $12.5,2026-08-29T06:42:48.222Z
rec_294,conv_294,m_22,1,0.99,Mexican · chicken · $12.5,2026-08-20T06:09:38.212Z
rec_294,conv_294,m_01,2,0.99,Thai · chicken · $13,2026-08-20T06:09:38.212Z
rec_294,conv_294,m_27,3,0.99,Chinese · chicken · $12.5,2026-08-20T06:09:38.212Z
rec_295,conv_295,m_24,1,0.99,Mexican · none · $3,2026-10-04T06:00:07.003Z
rec_295,conv_295,m_18,2,0.99,Mediterranean · chickpeas · $11.5,2026-10-04T06:00:07.003Z
rec_295,conv_295,m_30,3,0.99,Chinese · tofu · $11,2026-10-04T06:00:07.003Z
rec_296,conv_296,m_24,1,0.99,Mexican · none · $3,2026-09-25T06:28:02.758Z
rec_296,conv_296,m_18,2,0.99,Mediterranean · chickpeas · $11.5,2026-09-25T06:28:02.758Z
rec_296,conv_296,m_30,3,0.99,Chinese · tofu · $11,2026-09-25T06:28:02.758Z
rec_297,conv_297,m_11,1,0.99,African · beef · $13.5,2026-10-04T05:57:48.163Z
rec_297,conv_297,m_27,2,0.99,Chinese · chicken · $12.5,2026-10-04T05:57:48.163Z
rec_297,conv_297,m_22,3,0.99,Mexican · chicken · $12.5,2026-10-04T05:57:48.163Z
rec_298,conv_298,m_11,1,0.99,African · beef · $13.5,2026-09-25T06:39:22.756Z
rec_298,conv_298,m_27,2,0.99,Chinese · chicken · $12.5,2026-09-25T06:39:22.756Z
rec_298,conv_298,m_22,3,0.99,Mexican · chicken · $12.5,2026-09-25T06:39:22.756Z
rec_299,conv_299,m_11,1,0.99,African · beef · $13.5,2026-09-16T06:49:58.369Z
rec_299,conv_299,m_27,2,0.99,Chinese · chicken · $12.5,2026-09-16T06:49:58.369Z
rec_299,conv_299,m_22,3,0.99,Mexican · chicken · $12.5,2026-09-16T06:49:58.369Z
rec_300,conv_300,m_11,1,0.99,African · beef · $13.5,2026-09-07T06:29:15.490Z
rec_300,conv_300,m_27,2,0.99,Chinese · chicken · $12.5,2026-09-07T06:29:15.490Z
rec_300,conv_300,m_22,3,0.99,Mexican · chicken · $12.5,2026-09-07T06:29:15.490Z
rec_301,conv_301,m_11,1,0.99,African · beef · $13.5,2026-08-29T06:29:05.631Z
rec_301,conv_301,m_27,2,0.99,Chinese · chicken · $12.5,2026-08-29T06:29:05.631Z
rec_301,conv_301,m_22,3,0.99,Mexican · chicken · $12.5,2026-08-29T06:29:05.631Z
rec_302,conv_302,m_11,1,0.99,African · beef · $13.5,2026-08-20T06:29:16.767Z
rec_302,conv_302,m_27,2,0.99,Chinese · chicken · $12.5,2026-08-20T06:29:16.767Z
rec_302,conv_302,m_22,3,0.99,Mexican · chicken · $12.5,2026-08-20T06:29:16.767Z
rec_303,conv_303,m_13,1,0.99,African · none · $3,2026-10-04T06:01:52.741Z
rec_303,conv_303,m_24,2,0.99,Mexican · none · $3,2026-10-04T06:01:52.741Z
rec_303,conv_303,m_23,3,0.99,Mexican · black beans · $11,2026-10-04T06:01:52.741Z
rec_304,conv_304,m_13,1,0.99,African · none · $3,2026-09-25T06:33:35.925Z
rec_304,conv_304,m_24,2,0.99,Mexican · none · $3,2026-09-25T06:33:35.925Z
rec_304,conv_304,m_23,3,0.99,Mexican · black beans · $11,2026-09-25T06:33:35.925Z
rec_305,conv_305,m_13,1,0.99,African · none · $3,2026-09-16T06:33:32.162Z
rec_305,conv_305,m_24,2,0.99,Mexican · none · $3,2026-09-16T06:33:32.162Z
rec_305,conv_305,m_23,3,0.99,Mexican · black beans · $11,2026-09-16T06:33:32.162Z
rec_306,conv_306,m_01,1,0.99,Thai · chicken · $13,2026-10-04T06:30:47.796Z
rec_306,conv_306,m_27,2,0.99,Chinese · chicken · $12.5,2026-10-04T06:30:47.796Z
rec_306,conv_306,m_29,3,0.99,Malaysian · beef · $13,2026-10-04T06:30:47.796Z
rec_307,conv_307,m_01,1,0.99,Thai · chicken · $13,2026-09-25T06:46:04.771Z
rec_307,conv_307,m_27,2,0.99,Chinese · chicken · $12.5,2026-09-25T06:46:04.771Z
rec_307,conv_307,m_29,3,0.99,Malaysian · beef · $13,2026-09-25T06:46:04.771Z
rec_308,conv_308,m_10,1,0.99,African · chicken · $12,2026-10-04T06:05:32.849Z
rec_308,conv_308,m_05,2,0.99,Indian · chicken · $12,2026-10-04T06:05:32.849Z
rec_308,conv_308,m_28,3,0.99,Malaysian · chicken · $12,2026-10-04T06:05:32.849Z
rec_309,conv_309,m_10,1,0.99,African · chicken · $12,2026-09-25T06:20:59.516Z
rec_309,conv_309,m_05,2,0.99,Indian · chicken · $12,2026-09-25T06:20:59.516Z
rec_309,conv_309,m_28,3,0.99,Malaysian · chicken · $12,2026-09-25T06:20:59.516Z
rec_310,conv_310,m_10,1,0.99,African · chicken · $12,2026-09-16T06:28:18.938Z
rec_310,conv_310,m_05,2,0.99,Indian · chicken · $12,2026-09-16T06:28:18.938Z
rec_310,conv_310,m_28,3,0.99,Malaysian · chicken · $12,2026-09-16T06:28:18.938Z
rec_311,conv_311,m_10,1,0.99,African · chicken · $12,2026-09-07T06:48:35.359Z
rec_311,conv_311,m_05,2,0.99,Indian · chicken · $12,2026-09-07T06:48:35.359Z
rec_311,conv_311,m_28,3,0.99,Malaysian · chicken · $12,2026-09-07T06:48:35.359Z
rec_312,conv_312,m_10,1,0.99,African · chicken · $12,2026-08-29T06:05:02.757Z
rec_312,conv_312,m_05,2,0.99,Indian · chicken · $12,2026-08-29T06:05:02.757Z
rec_312,conv_312,m_28,3,0.99,Malaysian · chicken · $12,2026-08-29T06:05:02.757Z
rec_313,conv_313,m_03,1,0.99,Thai · beef · $14.5,2026-10-04T06:00:51.476Z
rec_313,conv_313,m_28,2,0.99,Malaysian · chicken · $12,2026-10-04T06:00:51.476Z
rec_313,conv_313,m_25,3,0.99,Korean · chicken · $13.5,2026-10-04T06:00:51.476Z
rec_314,conv_314,m_03,1,0.99,Thai · beef · $14.5,2026-09-25T05:56:21.671Z
rec_314,conv_314,m_28,2,0.99,Malaysian · chicken · $12,2026-09-25T05:56:21.671Z
rec_314,conv_314,m_25,3,0.99,Korean · chicken · $13.5,2026-09-25T05:56:21.671Z
rec_315,conv_315,m_03,1,0.99,Thai · beef · $14.5,2026-09-16T06:46:29.016Z
rec_315,conv_315,m_28,2,0.99,Malaysian · chicken · $12,2026-09-16T06:46:29.016Z
rec_315,conv_315,m_25,3,0.99,Korean · chicken · $13.5,2026-09-16T06:46:29.016Z
rec_316,conv_316,m_03,1,0.99,Thai · beef · $14.5,2026-09-07T06:10:28.897Z
rec_316,conv_316,m_28,2,0.99,Malaysian · chicken · $12,2026-09-07T06:10:28.897Z
rec_316,conv_316,m_25,3,0.99,Korean · chicken · $13.5,2026-09-07T06:10:28.897Z
rec_317,conv_317,m_03,1,0.99,Thai · beef · $14.5,2026-08-29T06:47:40.896Z
rec_317,conv_317,m_28,2,0.99,Malaysian · chicken · $12,2026-08-29T06:47:40.896Z
rec_317,conv_317,m_25,3,0.99,Korean · chicken · $13.5,2026-08-29T06:47:40.896Z
rec_318,conv_318,m_24,1,0.92,Mexican · none · $3,2026-10-04T06:43:51.199Z
rec_318,conv_318,m_08,2,0.87,Indian · none · $4,2026-10-04T06:43:51.199Z
rec_318,conv_318,m_16,3,0.86,Japanese · none · $2.5,2026-10-04T06:43:51.199Z
rec_319,conv_319,m_24,1,0.92,Mexican · none · $3,2026-09-25T06:08:27.080Z
rec_319,conv_319,m_08,2,0.87,Indian · none · $4,2026-09-25T06:08:27.080Z
rec_319,conv_319,m_16,3,0.86,Japanese · none · $2.5,2026-09-25T06:08:27.080Z
rec_320,conv_320,m_24,1,0.92,Mexican · none · $3,2026-09-16T06:05:33.505Z
rec_320,conv_320,m_08,2,0.87,Indian · none · $4,2026-09-16T06:05:33.505Z
rec_320,conv_320,m_16,3,0.86,Japanese · none · $2.5,2026-09-16T06:05:33.505Z
rec_321,conv_321,m_24,1,0.92,Mexican · none · $3,2026-09-07T06:34:23.869Z
rec_321,conv_321,m_08,2,0.87,Indian · none · $4,2026-09-07T06:34:23.869Z
rec_321,conv_321,m_16,3,0.86,Japanese · none · $2.5,2026-09-07T06:34:23.869Z
rec_322,conv_322,m_23,1,0.99,Mexican · black beans · $11,2026-10-04T06:03:45.428Z
rec_322,conv_322,m_05,2,0.99,Indian · chicken · $12,2026-10-04T06:03:45.428Z
rec_322,conv_322,m_10,3,0.99,African · chicken · $12,2026-10-04T06:03:45.428Z
rec_323,conv_323,m_23,1,0.99,Mexican · black beans · $11,2026-09-25T06:42:28.015Z
rec_323,conv_323,m_05,2,0.99,Indian · chicken · $12,2026-09-25T06:42:28.015Z
rec_323,conv_323,m_10,3,0.99,African · chicken · $12,2026-09-25T06:42:28.015Z
rec_324,conv_324,m_23,1,0.99,Mexican · black beans · $11,2026-09-16T05:53:06.661Z
rec_324,conv_324,m_05,2,0.99,Indian · chicken · $12,2026-09-16T05:53:06.661Z
rec_324,conv_324,m_10,3,0.99,African · chicken · $12,2026-09-16T05:53:06.661Z
rec_325,conv_325,m_23,1,0.99,Mexican · black beans · $11,2026-09-07T06:09:43.705Z
rec_325,conv_325,m_05,2,0.99,Indian · chicken · $12,2026-09-07T06:09:43.705Z
rec_325,conv_325,m_10,3,0.99,African · chicken · $12,2026-09-07T06:09:43.705Z
rec_326,conv_326,m_28,1,0.99,Malaysian · chicken · $12,2026-10-04T06:27:14.881Z
rec_326,conv_326,m_10,2,0.99,African · chicken · $12,2026-10-04T06:27:14.881Z
rec_326,conv_326,m_05,3,0.99,Indian · chicken · $12,2026-10-04T06:27:14.881Z
rec_327,conv_327,m_28,1,0.99,Malaysian · chicken · $12,2026-09-25T05:59:53.632Z
rec_327,conv_327,m_10,2,0.99,African · chicken · $12,2026-09-25T05:59:53.632Z
rec_327,conv_327,m_05,3,0.99,Indian · chicken · $12,2026-09-25T05:59:53.632Z
rec_328,conv_328,m_28,1,0.99,Malaysian · chicken · $12,2026-09-16T06:00:19.711Z
rec_328,conv_328,m_10,2,0.99,African · chicken · $12,2026-09-16T06:00:19.711Z
rec_328,conv_328,m_05,3,0.99,Indian · chicken · $12,2026-09-16T06:00:19.711Z
rec_329,conv_329,m_11,1,0.99,African · beef · $13.5,2026-10-04T06:01:48.113Z
rec_329,conv_329,m_03,2,0.99,Thai · beef · $14.5,2026-10-04T06:01:48.113Z
rec_329,conv_329,m_10,3,0.99,African · chicken · $12,2026-10-04T06:01:48.113Z
rec_330,conv_330,m_11,1,0.99,African · beef · $13.5,2026-09-25T05:53:01.142Z
rec_330,conv_330,m_03,2,0.99,Thai · beef · $14.5,2026-09-25T05:53:01.142Z
rec_330,conv_330,m_10,3,0.99,African · chicken · $12,2026-09-25T05:53:01.142Z
rec_331,conv_331,m_11,1,0.99,African · beef · $13.5,2026-09-16T06:14:26.636Z
rec_331,conv_331,m_03,2,0.99,Thai · beef · $14.5,2026-09-16T06:14:26.636Z
rec_331,conv_331,m_10,3,0.99,African · chicken · $12,2026-09-16T06:14:26.636Z
rec_332,conv_332,m_11,1,0.99,African · beef · $13.5,2026-09-07T06:35:40.416Z
rec_332,conv_332,m_03,2,0.99,Thai · beef · $14.5,2026-09-07T06:35:40.416Z
rec_332,conv_332,m_10,3,0.99,African · chicken · $12,2026-09-07T06:35:40.416Z
rec_333,conv_333,m_11,1,0.99,African · beef · $13.5,2026-08-29T06:40:50.367Z
rec_333,conv_333,m_03,2,0.99,Thai · beef · $14.5,2026-08-29T06:40:50.367Z
rec_333,conv_333,m_10,3,0.99,African · chicken · $12,2026-08-29T06:40:50.367Z
rec_334,conv_334,m_13,1,0.99,African · none · $3,2026-10-04T06:38:58.976Z
rec_334,conv_334,m_23,2,0.99,Mexican · black beans · $11,2026-10-04T06:38:58.976Z
rec_334,conv_334,m_30,3,0.99,Chinese · tofu · $11,2026-10-04T06:38:58.976Z
rec_335,conv_335,m_13,1,0.99,African · none · $3,2026-09-25T05:56:20.324Z
rec_335,conv_335,m_23,2,0.99,Mexican · black beans · $11,2026-09-25T05:56:20.324Z
rec_335,conv_335,m_30,3,0.99,Chinese · tofu · $11,2026-09-25T05:56:20.324Z
rec_336,conv_336,m_13,1,0.99,African · none · $3,2026-09-16T06:39:23.415Z
rec_336,conv_336,m_23,2,0.99,Mexican · black beans · $11,2026-09-16T06:39:23.415Z
rec_336,conv_336,m_30,3,0.99,Chinese · tofu · $11,2026-09-16T06:39:23.415Z
rec_337,conv_337,m_27,1,0.99,Chinese · chicken · $12.5,2026-10-04T06:49:15.111Z
rec_337,conv_337,m_01,2,0.99,Thai · chicken · $13,2026-10-04T06:49:15.111Z
rec_337,conv_337,m_22,3,0.99,Mexican · chicken · $12.5,2026-10-04T06:49:15.111Z
rec_338,conv_338,m_27,1,0.99,Chinese · chicken · $12.5,2026-09-25T06:49:42.732Z
rec_338,conv_338,m_01,2,0.99,Thai · chicken · $13,2026-09-25T06:49:42.732Z
rec_338,conv_338,m_22,3,0.99,Mexican · chicken · $12.5,2026-09-25T06:49:42.732Z
rec_339,conv_339,m_27,1,0.99,Chinese · chicken · $12.5,2026-09-16T05:54:12.754Z
rec_339,conv_339,m_01,2,0.99,Thai · chicken · $13,2026-09-16T05:54:12.754Z
rec_339,conv_339,m_22,3,0.99,Mexican · chicken · $12.5,2026-09-16T05:54:12.754Z
rec_340,conv_340,m_27,1,0.99,Chinese · chicken · $12.5,2026-09-07T06:12:58.979Z
rec_340,conv_340,m_01,2,0.99,Thai · chicken · $13,2026-09-07T06:12:58.979Z
rec_340,conv_340,m_22,3,0.99,Mexican · chicken · $12.5,2026-09-07T06:12:58.979Z
rec_341,conv_341,m_07,1,0.99,Indian · chickpeas · $11,2026-10-04T06:14:33.452Z
rec_341,conv_341,m_13,2,0.99,African · none · $3,2026-10-04T06:14:33.452Z
rec_341,conv_341,m_24,3,0.99,Mexican · none · $3,2026-10-04T06:14:33.452Z
rec_342,conv_342,m_07,1,0.99,Indian · chickpeas · $11,2026-09-25T06:28:58.729Z
rec_342,conv_342,m_13,2,0.99,African · none · $3,2026-09-25T06:28:58.729Z
rec_342,conv_342,m_24,3,0.99,Mexican · none · $3,2026-09-25T06:28:58.729Z
rec_343,conv_343,m_03,1,0.99,Thai · beef · $14.5,2026-10-04T06:45:57.796Z
rec_343,conv_343,m_11,2,0.99,African · beef · $13.5,2026-10-04T06:45:57.796Z
rec_343,conv_343,m_29,3,0.99,Malaysian · beef · $13,2026-10-04T06:45:57.796Z
rec_344,conv_344,m_03,1,0.99,Thai · beef · $14.5,2026-09-25T06:34:54.952Z
rec_344,conv_344,m_11,2,0.99,African · beef · $13.5,2026-09-25T06:34:54.952Z
rec_344,conv_344,m_29,3,0.99,Malaysian · beef · $13,2026-09-25T06:34:54.952Z
rec_345,conv_345,m_22,1,0.99,Mexican · chicken · $12.5,2026-10-04T06:17:47.918Z
rec_345,conv_345,m_28,2,0.99,Malaysian · chicken · $12,2026-10-04T06:17:47.918Z
rec_345,conv_345,m_05,3,0.99,Indian · chicken · $12,2026-10-04T06:17:47.918Z
rec_346,conv_346,m_22,1,0.99,Mexican · chicken · $12.5,2026-09-25T06:23:37.883Z
rec_346,conv_346,m_28,2,0.99,Malaysian · chicken · $12,2026-09-25T06:23:37.883Z
rec_346,conv_346,m_05,3,0.99,Indian · chicken · $12,2026-09-25T06:23:37.883Z
rec_347,conv_347,m_29,1,0.99,Malaysian · beef · $13,2026-10-04T06:49:23.665Z
rec_347,conv_347,m_26,2,0.99,Korean · beef · $14,2026-10-04T06:49:23.665Z
rec_347,conv_347,m_10,3,0.99,African · chicken · $12,2026-10-04T06:49:23.665Z
rec_348,conv_348,m_29,1,0.99,Malaysian · beef · $13,2026-09-25T06:12:50.378Z
rec_348,conv_348,m_26,2,0.99,Korean · beef · $14,2026-09-25T06:12:50.378Z
rec_348,conv_348,m_10,3,0.99,African · chicken · $12,2026-09-25T06:12:50.378Z
rec_349,conv_349,m_07,1,0.99,Indian · chickpeas · $11,2026-10-04T06:37:17.667Z
rec_349,conv_349,m_23,2,0.99,Mexican · black beans · $11,2026-10-04T06:37:17.667Z
rec_349,conv_349,m_16,3,0.91,Japanese · none · $2.5,2026-10-04T06:37:17.667Z
rec_350,conv_350,m_22,1,0.99,Mexican · chicken · $12.5,2026-10-04T06:13:43.405Z
rec_350,conv_350,m_05,2,0.99,Indian · chicken · $12,2026-10-04T06:13:43.405Z
rec_350,conv_350,m_10,3,0.99,African · chicken · $12,2026-10-04T06:13:43.405Z
rec_351,conv_351,m_22,1,0.99,Mexican · chicken · $12.5,2026-09-25T06:34:45.811Z
rec_351,conv_351,m_05,2,0.99,Indian · chicken · $12,2026-09-25T06:34:45.811Z
rec_351,conv_351,m_10,3,0.99,African · chicken · $12,2026-09-25T06:34:45.811Z
rec_352,conv_352,m_22,1,0.99,Mexican · chicken · $12.5,2026-09-16T06:05:16.789Z
rec_352,conv_352,m_05,2,0.99,Indian · chicken · $12,2026-09-16T06:05:16.789Z
rec_352,conv_352,m_10,3,0.99,African · chicken · $12,2026-09-16T06:05:16.789Z
rec_353,conv_353,m_22,1,0.99,Mexican · chicken · $12.5,2026-09-07T06:40:26.131Z
rec_353,conv_353,m_05,2,0.99,Indian · chicken · $12,2026-09-07T06:40:26.131Z
rec_353,conv_353,m_10,3,0.99,African · chicken · $12,2026-09-07T06:40:26.131Z
rec_354,conv_354,m_24,1,0.87,Mexican · none · $3,2026-10-04T05:56:04.755Z
rec_354,conv_354,m_10,2,0.83,African · chicken · $12,2026-10-04T05:56:04.755Z
rec_354,conv_354,m_09,3,0.79,Indian · none · $3.5,2026-10-04T05:56:04.755Z
rec_355,conv_355,m_24,1,0.87,Mexican · none · $3,2026-09-25T06:25:03.112Z
rec_355,conv_355,m_10,2,0.83,African · chicken · $12,2026-09-25T06:25:03.112Z
rec_355,conv_355,m_09,3,0.79,Indian · none · $3.5,2026-09-25T06:25:03.112Z
rec_356,conv_356,m_24,1,0.87,Mexican · none · $3,2026-09-16T06:48:54.561Z
rec_356,conv_356,m_10,2,0.83,African · chicken · $12,2026-09-16T06:48:54.561Z
rec_356,conv_356,m_09,3,0.79,Indian · none · $3.5,2026-09-16T06:48:54.561Z
rec_357,conv_357,m_24,1,0.87,Mexican · none · $3,2026-09-07T06:05:09.144Z
rec_357,conv_357,m_10,2,0.83,African · chicken · $12,2026-09-07T06:05:09.144Z
rec_357,conv_357,m_09,3,0.79,Indian · none · $3.5,2026-09-07T06:05:09.144Z
rec_358,conv_358,m_24,1,0.87,Mexican · none · $3,2026-08-29T05:51:11.247Z
rec_358,conv_358,m_10,2,0.83,African · chicken · $12,2026-08-29T05:51:11.247Z
rec_358,conv_358,m_09,3,0.79,Indian · none · $3.5,2026-08-29T05:51:11.247Z
rec_359,conv_359,m_11,1,0.99,African · beef · $13.5,2026-10-04T06:21:36.738Z
rec_359,conv_359,m_22,2,0.99,Mexican · chicken · $12.5,2026-10-04T06:21:36.738Z
rec_359,conv_359,m_01,3,0.99,Thai · chicken · $13,2026-10-04T06:21:36.738Z
rec_360,conv_360,m_11,1,0.99,African · beef · $13.5,2026-09-25T05:52:14.591Z
rec_360,conv_360,m_22,2,0.99,Mexican · chicken · $12.5,2026-09-25T05:52:14.591Z
rec_360,conv_360,m_01,3,0.99,Thai · chicken · $13,2026-09-25T05:52:14.591Z
rec_361,conv_361,m_11,1,0.99,African · beef · $13.5,2026-09-16T06:32:26.958Z
rec_361,conv_361,m_22,2,0.99,Mexican · chicken · $12.5,2026-09-16T06:32:26.958Z
rec_361,conv_361,m_01,3,0.99,Thai · chicken · $13,2026-09-16T06:32:26.958Z
rec_362,conv_362,m_11,1,0.99,African · beef · $13.5,2026-09-07T06:29:58.216Z
rec_362,conv_362,m_22,2,0.99,Mexican · chicken · $12.5,2026-09-07T06:29:58.216Z
rec_362,conv_362,m_01,3,0.99,Thai · chicken · $13,2026-09-07T06:29:58.216Z
rec_363,conv_363,m_13,1,0.99,African · none · $3,2026-10-04T06:25:33.303Z
rec_363,conv_363,m_23,2,0.99,Mexican · black beans · $11,2026-10-04T06:25:33.303Z
rec_363,conv_363,m_30,3,0.99,Chinese · tofu · $11,2026-10-04T06:25:33.303Z
rec_364,conv_364,m_13,1,0.99,African · none · $3,2026-09-25T06:22:48.608Z
rec_364,conv_364,m_23,2,0.99,Mexican · black beans · $11,2026-09-25T06:22:48.608Z
rec_364,conv_364,m_30,3,0.99,Chinese · tofu · $11,2026-09-25T06:22:48.608Z
rec_365,conv_365,m_13,1,0.99,African · none · $3,2026-09-16T06:21:00.626Z
rec_365,conv_365,m_23,2,0.99,Mexican · black beans · $11,2026-09-16T06:21:00.626Z
rec_365,conv_365,m_30,3,0.99,Chinese · tofu · $11,2026-09-16T06:21:00.626Z
rec_366,conv_366,m_13,1,0.99,African · none · $3,2026-09-07T06:07:15.538Z
rec_366,conv_366,m_23,2,0.99,Mexican · black beans · $11,2026-09-07T06:07:15.538Z
rec_366,conv_366,m_30,3,0.99,Chinese · tofu · $11,2026-09-07T06:07:15.538Z
rec_367,conv_367,m_13,1,0.99,African · none · $3,2026-08-29T05:57:39.127Z
rec_367,conv_367,m_23,2,0.99,Mexican · black beans · $11,2026-08-29T05:57:39.127Z
rec_367,conv_367,m_30,3,0.99,Chinese · tofu · $11,2026-08-29T05:57:39.127Z
rec_368,conv_368,m_27,1,0.99,Chinese · chicken · $12.5,2026-10-04T06:32:09.721Z
rec_368,conv_368,m_01,2,0.99,Thai · chicken · $13,2026-10-04T06:32:09.721Z
rec_368,conv_368,m_05,3,0.99,Indian · chicken · $12,2026-10-04T06:32:09.721Z
rec_369,conv_369,m_27,1,0.99,Chinese · chicken · $12.5,2026-09-25T06:27:54.572Z
rec_369,conv_369,m_01,2,0.99,Thai · chicken · $13,2026-09-25T06:27:54.572Z
rec_369,conv_369,m_05,3,0.99,Indian · chicken · $12,2026-09-25T06:27:54.572Z
rec_370,conv_370,m_27,1,0.99,Chinese · chicken · $12.5,2026-09-16T06:45:26.803Z
rec_370,conv_370,m_01,2,0.99,Thai · chicken · $13,2026-09-16T06:45:26.803Z
rec_370,conv_370,m_05,3,0.99,Indian · chicken · $12,2026-09-16T06:45:26.803Z
rec_371,conv_371,m_27,1,0.99,Chinese · chicken · $12.5,2026-09-07T06:40:41.695Z
rec_371,conv_371,m_01,2,0.99,Thai · chicken · $13,2026-09-07T06:40:41.695Z
rec_371,conv_371,m_05,3,0.99,Indian · chicken · $12,2026-09-07T06:40:41.695Z
rec_372,conv_372,m_27,1,0.99,Chinese · chicken · $12.5,2026-08-29T05:56:31.350Z
rec_372,conv_372,m_01,2,0.99,Thai · chicken · $13,2026-08-29T05:56:31.350Z
rec_372,conv_372,m_05,3,0.99,Indian · chicken · $12,2026-08-29T05:56:31.350Z
rec_373,conv_373,m_07,1,0.99,Indian · chickpeas · $11,2026-10-04T06:31:24.321Z
rec_373,conv_373,m_13,2,0.99,African · none · $3,2026-10-04T06:31:24.321Z
rec_373,conv_373,m_23,3,0.99,Mexican · black beans · $11,2026-10-04T06:31:24.321Z
rec_374,conv_374,m_11,1,0.99,African · beef · $13.5,2026-10-04T05:57:49.931Z
rec_374,conv_374,m_22,2,0.99,Mexican · chicken · $12.5,2026-10-04T05:57:49.931Z
rec_374,conv_374,m_03,3,0.99,Thai · beef · $14.5,2026-10-04T05:57:49.931Z
rec_375,conv_375,m_11,1,0.99,African · beef · $13.5,2026-09-25T06:30:49.965Z
rec_375,conv_375,m_22,2,0.99,Mexican · chicken · $12.5,2026-09-25T06:30:49.965Z
rec_375,conv_375,m_03,3,0.99,Thai · beef · $14.5,2026-09-25T06:30:49.965Z
rec_376,conv_376,m_11,1,0.99,African · beef · $13.5,2026-09-16T06:46:22.633Z
rec_376,conv_376,m_22,2,0.99,Mexican · chicken · $12.5,2026-09-16T06:46:22.633Z
rec_376,conv_376,m_03,3,0.99,Thai · beef · $14.5,2026-09-16T06:46:22.633Z
rec_377,conv_377,m_11,1,0.99,African · beef · $13.5,2026-09-07T06:05:39.916Z
rec_377,conv_377,m_22,2,0.99,Mexican · chicken · $12.5,2026-09-07T06:05:39.916Z
rec_377,conv_377,m_03,3,0.99,Thai · beef · $14.5,2026-09-07T06:05:39.916Z
rec_378,conv_378,m_11,1,0.99,African · beef · $13.5,2026-08-29T06:15:59.588Z
rec_378,conv_378,m_22,2,0.99,Mexican · chicken · $12.5,2026-08-29T06:15:59.588Z
rec_378,conv_378,m_03,3,0.99,Thai · beef · $14.5,2026-08-29T06:15:59.588Z
rec_379,conv_379,m_11,1,0.99,African · beef · $13.5,2026-08-20T06:20:00.885Z
rec_379,conv_379,m_22,2,0.99,Mexican · chicken · $12.5,2026-08-20T06:20:00.885Z
rec_379,conv_379,m_03,3,0.99,Thai · beef · $14.5,2026-08-20T06:20:00.885Z
rec_380,conv_380,m_23,1,0.98,Mexican · black beans · $11,2026-10-04T06:36:42.276Z
rec_380,conv_380,m_10,2,0.92,African · chicken · $12,2026-10-04T06:36:42.276Z
rec_380,conv_380,m_07,3,0.92,Indian · chickpeas · $11,2026-10-04T06:36:42.276Z
rec_381,conv_381,m_23,1,0.98,Mexican · black beans · $11,2026-09-25T06:29:44.745Z
rec_381,conv_381,m_10,2,0.92,African · chicken · $12,2026-09-25T06:29:44.745Z
rec_381,conv_381,m_07,3,0.92,Indian · chickpeas · $11,2026-09-25T06:29:44.745Z
rec_382,conv_382,m_23,1,0.98,Mexican · black beans · $11,2026-09-16T06:03:22.466Z
rec_382,conv_382,m_10,2,0.92,African · chicken · $12,2026-09-16T06:03:22.466Z
rec_382,conv_382,m_07,3,0.92,Indian · chickpeas · $11,2026-09-16T06:03:22.466Z
rec_383,conv_383,m_23,1,0.98,Mexican · black beans · $11,2026-09-07T06:46:24.136Z
rec_383,conv_383,m_10,2,0.92,African · chicken · $12,2026-09-07T06:46:24.136Z
rec_383,conv_383,m_07,3,0.92,Indian · chickpeas · $11,2026-09-07T06:46:24.136Z
rec_384,conv_384,m_23,1,0.98,Mexican · black beans · $11,2026-08-29T06:16:40.215Z
rec_384,conv_384,m_10,2,0.92,African · chicken · $12,2026-08-29T06:16:40.215Z
rec_384,conv_384,m_07,3,0.92,Indian · chickpeas · $11,2026-08-29T06:16:40.215Z
rec_385,conv_385,m_03,1,0.99,Thai · beef · $14.5,2026-10-04T05:58:27.991Z
rec_385,conv_385,m_22,2,0.99,Mexican · chicken · $12.5,2026-10-04T05:58:27.991Z
rec_385,conv_385,m_26,3,0.99,Korean · beef · $14,2026-10-04T05:58:27.991Z
rec_386,conv_386,m_03,1,0.99,Thai · beef · $14.5,2026-09-25T06:08:35.611Z
rec_386,conv_386,m_22,2,0.99,Mexican · chicken · $12.5,2026-09-25T06:08:35.611Z
rec_386,conv_386,m_26,3,0.99,Korean · beef · $14,2026-09-25T06:08:35.611Z
rec_387,conv_387,m_03,1,0.99,Thai · beef · $14.5,2026-09-16T06:01:45.286Z
rec_387,conv_387,m_22,2,0.99,Mexican · chicken · $12.5,2026-09-16T06:01:45.286Z
rec_387,conv_387,m_26,3,0.99,Korean · beef · $14,2026-09-16T06:01:45.286Z
rec_388,conv_388,m_03,1,0.99,Thai · beef · $14.5,2026-09-07T06:24:26.709Z
rec_388,conv_388,m_22,2,0.99,Mexican · chicken · $12.5,2026-09-07T06:24:26.709Z
rec_388,conv_388,m_26,3,0.99,Korean · beef · $14,2026-09-07T06:24:26.709Z
rec_389,conv_389,m_08,1,0.92,Indian · none · $4,2026-10-04T06:44:03.844Z
rec_389,conv_389,m_24,2,0.91,Mexican · none · $3,2026-10-04T06:44:03.844Z
rec_389,conv_389,m_13,3,0.89,African · none · $3,2026-10-04T06:44:03.844Z
rec_390,conv_390,m_08,1,0.92,Indian · none · $4,2026-09-25T06:45:32.288Z
rec_390,conv_390,m_24,2,0.91,Mexican · none · $3,2026-09-25T06:45:32.288Z
rec_390,conv_390,m_13,3,0.89,African · none · $3,2026-09-25T06:45:32.288Z
rec_391,conv_391,m_08,1,0.92,Indian · none · $4,2026-09-16T06:32:06.886Z
rec_391,conv_391,m_24,2,0.91,Mexican · none · $3,2026-09-16T06:32:06.886Z
rec_391,conv_391,m_13,3,0.89,African · none · $3,2026-09-16T06:32:06.886Z
rec_392,conv_392,m_08,1,0.92,Indian · none · $4,2026-09-07T06:04:10.123Z
rec_392,conv_392,m_24,2,0.91,Mexican · none · $3,2026-09-07T06:04:10.123Z
rec_392,conv_392,m_13,3,0.89,African · none · $3,2026-09-07T06:04:10.123Z
rec_393,conv_393,m_29,1,0.99,Malaysian · beef · $13,2026-10-04T06:38:58.925Z
rec_393,conv_393,m_23,2,0.99,Mexican · black beans · $11,2026-10-04T06:38:58.925Z
rec_393,conv_393,m_05,3,0.99,Indian · chicken · $12,2026-10-04T06:38:58.925Z
rec_394,conv_394,m_29,1,0.99,Malaysian · beef · $13,2026-09-25T06:34:10.050Z
rec_394,conv_394,m_23,2,0.99,Mexican · black beans · $11,2026-09-25T06:34:10.050Z
rec_394,conv_394,m_05,3,0.99,Indian · chicken · $12,2026-09-25T06:34:10.050Z
rec_395,conv_395,m_29,1,0.99,Malaysian · beef · $13,2026-09-16T06:18:07.443Z
rec_395,conv_395,m_23,2,0.99,Mexican · black beans · $11,2026-09-16T06:18:07.443Z
rec_395,conv_395,m_05,3,0.99,Indian · chicken · $12,2026-09-16T06:18:07.443Z
rec_396,conv_396,m_29,1,0.99,Malaysian · beef · $13,2026-09-07T06:18:00.253Z
rec_396,conv_396,m_23,2,0.99,Mexican · black beans · $11,2026-09-07T06:18:00.253Z
rec_396,conv_396,m_05,3,0.99,Indian · chicken · $12,2026-09-07T06:18:00.253Z
rec_397,conv_397,m_29,1,0.99,Malaysian · beef · $13,2026-08-29T06:33:20.743Z
rec_397,conv_397,m_23,2,0.99,Mexican · black beans · $11,2026-08-29T06:33:20.743Z
rec_397,conv_397,m_05,3,0.99,Indian · chicken · $12,2026-08-29T06:33:20.743Z
rec_398,conv_398,m_23,1,0.99,Mexican · black beans · $11,2026-10-04T06:15:30.807Z
rec_398,conv_398,m_08,2,0.96,Indian · none · $4,2026-10-04T06:15:30.807Z
rec_398,conv_398,m_10,3,0.95,African · chicken · $12,2026-10-04T06:15:30.807Z
rec_399,conv_399,m_23,1,0.99,Mexican · black beans · $11,2026-09-25T06:42:34.477Z
rec_399,conv_399,m_08,2,0.96,Indian · none · $4,2026-09-25T06:42:34.477Z
rec_399,conv_399,m_10,3,0.95,African · chicken · $12,2026-09-25T06:42:34.477Z
rec_400,conv_400,m_23,1,0.99,Mexican · black beans · $11,2026-09-16T05:52:27.676Z
rec_400,conv_400,m_08,2,0.96,Indian · none · $4,2026-09-16T05:52:27.676Z
rec_400,conv_400,m_10,3,0.95,African · chicken · $12,2026-09-16T05:52:27.676Z
rec_401,conv_401,m_05,1,0.99,Indian · chicken · $12,2026-10-04T06:04:29.515Z
rec_401,conv_401,m_28,2,0.99,Malaysian · chicken · $12,2026-10-04T06:04:29.515Z
rec_401,conv_401,m_10,3,0.99,African · chicken · $12,2026-10-04T06:04:29.515Z
rec_402,conv_402,m_05,1,0.99,Indian · chicken · $12,2026-09-25T06:24:40.890Z
rec_402,conv_402,m_28,2,0.99,Malaysian · chicken · $12,2026-09-25T06:24:40.890Z
rec_402,conv_402,m_10,3,0.99,African · chicken · $12,2026-09-25T06:24:40.890Z
rec_403,conv_403,m_05,1,0.99,Indian · chicken · $12,2026-09-16T06:16:58.475Z
rec_403,conv_403,m_28,2,0.99,Malaysian · chicken · $12,2026-09-16T06:16:58.475Z
rec_403,conv_403,m_10,3,0.99,African · chicken · $12,2026-09-16T06:16:58.475Z
rec_404,conv_404,m_05,1,0.99,Indian · chicken · $12,2026-09-07T05:52:21.354Z
rec_404,conv_404,m_28,2,0.99,Malaysian · chicken · $12,2026-09-07T05:52:21.354Z
rec_404,conv_404,m_10,3,0.99,African · chicken · $12,2026-09-07T05:52:21.354Z
rec_405,conv_405,m_05,1,0.99,Indian · chicken · $12,2026-08-29T05:52:51.596Z
rec_405,conv_405,m_28,2,0.99,Malaysian · chicken · $12,2026-08-29T05:52:51.596Z
rec_405,conv_405,m_10,3,0.99,African · chicken · $12,2026-08-29T05:52:51.596Z
rec_406,conv_406,m_05,1,0.99,Indian · chicken · $12,2026-08-20T06:11:43.069Z
rec_406,conv_406,m_28,2,0.99,Malaysian · chicken · $12,2026-08-20T06:11:43.069Z
rec_406,conv_406,m_10,3,0.99,African · chicken · $12,2026-08-20T06:11:43.069Z
rec_407,conv_407,m_07,1,0.99,Indian · chickpeas · $11,2026-10-04T06:23:22.031Z
rec_407,conv_407,m_30,2,0.99,Chinese · tofu · $11,2026-10-04T06:23:22.031Z
rec_407,conv_407,m_24,3,0.99,Mexican · none · $3,2026-10-04T06:23:22.031Z
rec_408,conv_408,m_07,1,0.99,Indian · chickpeas · $11,2026-09-25T06:28:39.179Z
rec_408,conv_408,m_30,2,0.99,Chinese · tofu · $11,2026-09-25T06:28:39.179Z
rec_408,conv_408,m_24,3,0.99,Mexican · none · $3,2026-09-25T06:28:39.179Z
rec_409,conv_409,m_27,1,0.99,Chinese · chicken · $12.5,2026-10-04T06:40:36.823Z
rec_409,conv_409,m_11,2,0.99,African · beef · $13.5,2026-10-04T06:40:36.823Z
rec_409,conv_409,m_03,3,0.99,Thai · beef · $14.5,2026-10-04T06:40:36.823Z
rec_410,conv_410,m_23,1,0.99,Mexican · black beans · $11,2026-10-04T05:53:01.913Z
rec_410,conv_410,m_13,2,0.99,African · none · $3,2026-10-04T05:53:01.913Z
rec_410,conv_410,m_07,3,0.99,Indian · chickpeas · $11,2026-10-04T05:53:01.913Z
rec_411,conv_411,m_23,1,0.99,Mexican · black beans · $11,2026-09-25T06:44:49.839Z
rec_411,conv_411,m_13,2,0.99,African · none · $3,2026-09-25T06:44:49.839Z
rec_411,conv_411,m_07,3,0.99,Indian · chickpeas · $11,2026-09-25T06:44:49.839Z
rec_412,conv_412,m_23,1,0.99,Mexican · black beans · $11,2026-09-16T06:42:02.558Z
rec_412,conv_412,m_13,2,0.99,African · none · $3,2026-09-16T06:42:02.558Z
rec_412,conv_412,m_07,3,0.99,Indian · chickpeas · $11,2026-09-16T06:42:02.558Z
rec_413,conv_413,m_23,1,0.99,Mexican · black beans · $11,2026-09-07T06:47:35.513Z
rec_413,conv_413,m_13,2,0.99,African · none · $3,2026-09-07T06:47:35.513Z
rec_413,conv_413,m_07,3,0.99,Indian · chickpeas · $11,2026-09-07T06:47:35.513Z
rec_414,conv_414,m_10,1,0.99,African · chicken · $12,2026-10-04T06:04:23.472Z
rec_414,conv_414,m_22,2,0.99,Mexican · chicken · $12.5,2026-10-04T06:04:23.472Z
rec_414,conv_414,m_11,3,0.99,African · beef · $13.5,2026-10-04T06:04:23.472Z
rec_415,conv_415,m_10,1,0.99,African · chicken · $12,2026-09-25T06:13:09.431Z
rec_415,conv_415,m_22,2,0.99,Mexican · chicken · $12.5,2026-09-25T06:13:09.431Z
rec_415,conv_415,m_11,3,0.99,African · beef · $13.5,2026-09-25T06:13:09.431Z
rec_416,conv_416,m_10,1,0.99,African · chicken · $12,2026-09-16T06:07:10.416Z
rec_416,conv_416,m_22,2,0.99,Mexican · chicken · $12.5,2026-09-16T06:07:10.416Z
rec_416,conv_416,m_11,3,0.99,African · beef · $13.5,2026-09-16T06:07:10.416Z
rec_417,conv_417,m_10,1,0.99,African · chicken · $12,2026-09-07T06:18:26.043Z
rec_417,conv_417,m_22,2,0.99,Mexican · chicken · $12.5,2026-09-07T06:18:26.043Z
rec_417,conv_417,m_11,3,0.99,African · beef · $13.5,2026-09-07T06:18:26.043Z
rec_418,conv_418,m_05,1,0.99,Indian · chicken · $12,2026-10-04T06:06:58.013Z
rec_418,conv_418,m_01,2,0.99,Thai · chicken · $13,2026-10-04T06:06:58.013Z
rec_418,conv_418,m_22,3,0.99,Mexican · chicken · $12.5,2026-10-04T06:06:58.013Z
rec_419,conv_419,m_03,1,0.99,Thai · beef · $14.5,2026-10-04T06:12:13.697Z
rec_419,conv_419,m_29,2,0.99,Malaysian · beef · $13,2026-10-04T06:12:13.697Z
rec_419,conv_419,m_26,3,0.99,Korean · beef · $14,2026-10-04T06:12:13.697Z
rec_420,conv_420,m_03,1,0.99,Thai · beef · $14.5,2026-09-25T06:27:17.531Z
rec_420,conv_420,m_29,2,0.99,Malaysian · beef · $13,2026-09-25T06:27:17.531Z
rec_420,conv_420,m_26,3,0.99,Korean · beef · $14,2026-09-25T06:27:17.531Z
rec_421,conv_421,m_03,1,0.99,Thai · beef · $14.5,2026-09-16T06:33:32.255Z
rec_421,conv_421,m_29,2,0.99,Malaysian · beef · $13,2026-09-16T06:33:32.255Z
rec_421,conv_421,m_26,3,0.99,Korean · beef · $14,2026-09-16T06:33:32.255Z
rec_422,conv_422,m_03,1,0.99,Thai · beef · $14.5,2026-09-07T06:50:00.946Z
rec_422,conv_422,m_29,2,0.99,Malaysian · beef · $13,2026-09-07T06:50:00.946Z
rec_422,conv_422,m_26,3,0.99,Korean · beef · $14,2026-09-07T06:50:00.946Z
rec_423,conv_423,m_08,1,0.87,Indian · none · $4,2026-10-04T06:24:48.706Z
rec_423,conv_423,m_09,2,0.87,Indian · none · $3.5,2026-10-04T06:24:48.706Z
rec_423,conv_423,m_28,3,0.83,Malaysian · chicken · $12,2026-10-04T06:24:48.706Z
rec_424,conv_424,m_08,1,0.87,Indian · none · $4,2026-09-25T06:23:14.175Z
rec_424,conv_424,m_09,2,0.87,Indian · none · $3.5,2026-09-25T06:23:14.175Z
rec_424,conv_424,m_28,3,0.83,Malaysian · chicken · $12,2026-09-25T06:23:14.175Z
rec_425,conv_425,m_08,1,0.87,Indian · none · $4,2026-09-16T05:56:02.708Z
rec_425,conv_425,m_09,2,0.87,Indian · none · $3.5,2026-09-16T05:56:02.708Z
rec_425,conv_425,m_28,3,0.83,Malaysian · chicken · $12,2026-09-16T05:56:02.708Z
rec_426,conv_426,m_08,1,0.87,Indian · none · $4,2026-09-07T06:48:46.500Z
rec_426,conv_426,m_09,2,0.87,Indian · none · $3.5,2026-09-07T06:48:46.500Z
rec_426,conv_426,m_28,3,0.83,Malaysian · chicken · $12,2026-09-07T06:48:46.500Z
rec_427,conv_427,m_10,1,0.99,African · chicken · $12,2026-10-04T06:46:00.093Z
rec_427,conv_427,m_28,2,0.99,Malaysian · chicken · $12,2026-10-04T06:46:00.093Z
rec_427,conv_427,m_07,3,0.99,Indian · chickpeas · $11,2026-10-04T06:46:00.093Z
rec_428,conv_428,m_10,1,0.99,African · chicken · $12,2026-09-25T06:25:47.368Z
rec_428,conv_428,m_28,2,0.99,Malaysian · chicken · $12,2026-09-25T06:25:47.368Z
rec_428,conv_428,m_07,3,0.99,Indian · chickpeas · $11,2026-09-25T06:25:47.368Z
rec_429,conv_429,m_28,1,0.96,Malaysian · chicken · $12,2026-10-04T06:15:02.561Z
rec_429,conv_429,m_10,2,0.96,African · chicken · $12,2026-10-04T06:15:02.561Z
rec_429,conv_429,m_05,3,0.95,Indian · chicken · $12,2026-10-04T06:15:02.561Z
rec_430,conv_430,m_28,1,0.96,Malaysian · chicken · $12,2026-09-25T06:23:59.281Z
rec_430,conv_430,m_10,2,0.96,African · chicken · $12,2026-09-25T06:23:59.281Z
rec_430,conv_430,m_05,3,0.95,Indian · chicken · $12,2026-09-25T06:23:59.281Z
rec_431,conv_431,m_01,1,0.99,Thai · chicken · $13,2026-10-04T06:08:31.328Z
rec_431,conv_431,m_05,2,0.99,Indian · chicken · $12,2026-10-04T06:08:31.328Z
rec_431,conv_431,m_22,3,0.99,Mexican · chicken · $12.5,2026-10-04T06:08:31.328Z
rec_432,conv_432,m_01,1,0.99,Thai · chicken · $13,2026-09-25T06:40:49.167Z
rec_432,conv_432,m_05,2,0.99,Indian · chicken · $12,2026-09-25T06:40:49.167Z
rec_432,conv_432,m_22,3,0.99,Mexican · chicken · $12.5,2026-09-25T06:40:49.167Z
rec_433,conv_433,m_01,1,0.99,Thai · chicken · $13,2026-09-16T06:06:07.426Z
rec_433,conv_433,m_05,2,0.99,Indian · chicken · $12,2026-09-16T06:06:07.426Z
rec_433,conv_433,m_22,3,0.99,Mexican · chicken · $12.5,2026-09-16T06:06:07.426Z
rec_434,conv_434,m_01,1,0.99,Thai · chicken · $13,2026-09-07T06:02:04.800Z
rec_434,conv_434,m_05,2,0.99,Indian · chicken · $12,2026-09-07T06:02:04.800Z
rec_434,conv_434,m_22,3,0.99,Mexican · chicken · $12.5,2026-09-07T06:02:04.800Z
rec_435,conv_435,m_13,1,0.99,African · none · $3,2026-10-04T06:37:21.262Z
rec_435,conv_435,m_16,2,0.99,Japanese · none · $2.5,2026-10-04T06:37:21.262Z
rec_435,conv_435,m_30,3,0.99,Chinese · tofu · $11,2026-10-04T06:37:21.262Z
rec_436,conv_436,m_13,1,0.99,African · none · $3,2026-09-25T06:46:30.368Z
rec_436,conv_436,m_16,2,0.99,Japanese · none · $2.5,2026-09-25T06:46:30.368Z
rec_436,conv_436,m_30,3,0.99,Chinese · tofu · $11,2026-09-25T06:46:30.368Z
rec_437,conv_437,m_13,1,0.99,African · none · $3,2026-09-16T06:06:53.646Z
rec_437,conv_437,m_16,2,0.99,Japanese · none · $2.5,2026-09-16T06:06:53.646Z
rec_437,conv_437,m_30,3,0.99,Chinese · tofu · $11,2026-09-16T06:06:53.646Z
rec_438,conv_438,m_13,1,0.99,African · none · $3,2026-09-07T06:28:05.453Z
rec_438,conv_438,m_16,2,0.99,Japanese · none · $2.5,2026-09-07T06:28:05.453Z
rec_438,conv_438,m_30,3,0.99,Chinese · tofu · $11,2026-09-07T06:28:05.453Z
rec_439,conv_439,m_27,1,0.99,Chinese · chicken · $12.5,2026-10-04T05:53:51.783Z
rec_439,conv_439,m_28,2,0.99,Malaysian · chicken · $12,2026-10-04T05:53:51.783Z
rec_439,conv_439,m_22,3,0.99,Mexican · chicken · $12.5,2026-10-04T05:53:51.783Z
rec_440,conv_440,m_27,1,0.99,Chinese · chicken · $12.5,2026-09-25T06:15:46.004Z
rec_440,conv_440,m_28,2,0.99,Malaysian · chicken · $12,2026-09-25T06:15:46.004Z
rec_440,conv_440,m_22,3,0.99,Mexican · chicken · $12.5,2026-09-25T06:15:46.004Z
rec_441,conv_441,m_27,1,0.99,Chinese · chicken · $12.5,2026-09-16T06:28:00.006Z
rec_441,conv_441,m_28,2,0.99,Malaysian · chicken · $12,2026-09-16T06:28:00.006Z
rec_441,conv_441,m_22,3,0.99,Mexican · chicken · $12.5,2026-09-16T06:28:00.006Z
rec_442,conv_442,m_27,1,0.99,Chinese · chicken · $12.5,2026-09-07T06:31:30.315Z
rec_442,conv_442,m_28,2,0.99,Malaysian · chicken · $12,2026-09-07T06:31:30.315Z
rec_442,conv_442,m_22,3,0.99,Mexican · chicken · $12.5,2026-09-07T06:31:30.315Z
rec_443,conv_443,m_27,1,0.99,Chinese · chicken · $12.5,2026-08-29T05:56:41.678Z
rec_443,conv_443,m_28,2,0.99,Malaysian · chicken · $12,2026-08-29T05:56:41.678Z
rec_443,conv_443,m_22,3,0.99,Mexican · chicken · $12.5,2026-08-29T05:56:41.678Z
rec_444,conv_444,m_27,1,0.99,Chinese · chicken · $12.5,2026-08-20T06:31:02.052Z
rec_444,conv_444,m_28,2,0.99,Malaysian · chicken · $12,2026-08-20T06:31:02.052Z
rec_444,conv_444,m_22,3,0.99,Mexican · chicken · $12.5,2026-08-20T06:31:02.052Z
rec_445,conv_445,m_13,1,0.99,African · none · $3,2026-10-04T06:08:19.110Z
rec_445,conv_445,m_24,2,0.99,Mexican · none · $3,2026-10-04T06:08:19.110Z
rec_445,conv_445,m_08,3,0.99,Indian · none · $4,2026-10-04T06:08:19.110Z
rec_446,conv_446,m_13,1,0.99,African · none · $3,2026-09-25T06:09:54.467Z
rec_446,conv_446,m_24,2,0.99,Mexican · none · $3,2026-09-25T06:09:54.467Z
rec_446,conv_446,m_08,3,0.99,Indian · none · $4,2026-09-25T06:09:54.467Z
rec_447,conv_447,m_10,1,0.99,African · chicken · $12,2026-10-04T06:46:07.476Z
rec_447,conv_447,m_28,2,0.99,Malaysian · chicken · $12,2026-10-04T06:46:07.476Z
rec_447,conv_447,m_23,3,0.99,Mexican · black beans · $11,2026-10-04T06:46:07.476Z
rec_448,conv_448,m_10,1,0.99,African · chicken · $12,2026-09-25T06:49:18.430Z
rec_448,conv_448,m_28,2,0.99,Malaysian · chicken · $12,2026-09-25T06:49:18.430Z
rec_448,conv_448,m_23,3,0.99,Mexican · black beans · $11,2026-09-25T06:49:18.430Z
rec_449,conv_449,m_10,1,0.99,African · chicken · $12,2026-09-16T06:04:07.255Z
rec_449,conv_449,m_28,2,0.99,Malaysian · chicken · $12,2026-09-16T06:04:07.255Z
rec_449,conv_449,m_23,3,0.99,Mexican · black beans · $11,2026-09-16T06:04:07.255Z
rec_450,conv_450,m_10,1,0.99,African · chicken · $12,2026-09-07T05:57:09.290Z
rec_450,conv_450,m_28,2,0.99,Malaysian · chicken · $12,2026-09-07T05:57:09.290Z
rec_450,conv_450,m_23,3,0.99,Mexican · black beans · $11,2026-09-07T05:57:09.290Z
rec_451,conv_451,m_05,1,0.99,Indian · chicken · $12,2026-10-04T05:54:07.323Z
rec_451,conv_451,m_22,2,0.99,Mexican · chicken · $12.5,2026-10-04T05:54:07.323Z
rec_451,conv_451,m_14,3,0.99,Japanese · chicken · $12.5,2026-10-04T05:54:07.323Z
rec_452,conv_452,m_05,1,0.99,Indian · chicken · $12,2026-09-25T06:38:53.774Z
rec_452,conv_452,m_22,2,0.99,Mexican · chicken · $12.5,2026-09-25T06:38:53.774Z
rec_452,conv_452,m_14,3,0.99,Japanese · chicken · $12.5,2026-09-25T06:38:53.774Z
rec_453,conv_453,m_29,1,0.99,Malaysian · beef · $13,2026-10-04T06:41:17.086Z
rec_453,conv_453,m_03,2,0.99,Thai · beef · $14.5,2026-10-04T06:41:17.086Z
rec_453,conv_453,m_11,3,0.99,African · beef · $13.5,2026-10-04T06:41:17.086Z
rec_454,conv_454,m_29,1,0.99,Malaysian · beef · $13,2026-09-25T06:12:52.287Z
rec_454,conv_454,m_03,2,0.99,Thai · beef · $14.5,2026-09-25T06:12:52.287Z
rec_454,conv_454,m_11,3,0.99,African · beef · $13.5,2026-09-25T06:12:52.287Z
rec_455,conv_455,m_29,1,0.99,Malaysian · beef · $13,2026-09-16T06:33:18.533Z
rec_455,conv_455,m_03,2,0.99,Thai · beef · $14.5,2026-09-16T06:33:18.533Z
rec_455,conv_455,m_11,3,0.99,African · beef · $13.5,2026-09-16T06:33:18.533Z
rec_456,conv_456,m_29,1,0.99,Malaysian · beef · $13,2026-09-07T05:53:19.438Z
rec_456,conv_456,m_03,2,0.99,Thai · beef · $14.5,2026-09-07T05:53:19.438Z
rec_456,conv_456,m_11,3,0.99,African · beef · $13.5,2026-09-07T05:53:19.438Z
rec_457,conv_457,m_10,1,0.99,African · chicken · $12,2026-10-04T06:29:19.786Z
rec_457,conv_457,m_05,2,0.99,Indian · chicken · $12,2026-10-04T06:29:19.786Z
rec_457,conv_457,m_19,3,0.99,Mediterranean · chicken · $12,2026-10-04T06:29:19.786Z
rec_458,conv_458,m_10,1,0.99,African · chicken · $12,2026-09-25T06:20:51.310Z
rec_458,conv_458,m_05,2,0.99,Indian · chicken · $12,2026-09-25T06:20:51.310Z
rec_458,conv_458,m_19,3,0.99,Mediterranean · chicken · $12,2026-09-25T06:20:51.310Z
rec_459,conv_459,m_23,1,0.99,Mexican · black beans · $11,2026-10-04T05:55:31.510Z
rec_459,conv_459,m_05,2,0.99,Indian · chicken · $12,2026-10-04T05:55:31.510Z
rec_459,conv_459,m_14,3,0.99,Japanese · chicken · $12.5,2026-10-04T05:55:31.510Z
rec_460,conv_460,m_23,1,0.99,Mexican · black beans · $11,2026-09-25T05:52:01.244Z
rec_460,conv_460,m_05,2,0.99,Indian · chicken · $12,2026-09-25T05:52:01.244Z
rec_460,conv_460,m_14,3,0.99,Japanese · chicken · $12.5,2026-09-25T05:52:01.244Z
rec_461,conv_461,m_23,1,0.99,Mexican · black beans · $11,2026-09-16T06:50:17.146Z
rec_461,conv_461,m_05,2,0.99,Indian · chicken · $12,2026-09-16T06:50:17.146Z
rec_461,conv_461,m_14,3,0.99,Japanese · chicken · $12.5,2026-09-16T06:50:17.146Z
rec_462,conv_462,m_23,1,0.99,Mexican · black beans · $11,2026-09-07T06:43:18.832Z
rec_462,conv_462,m_05,2,0.99,Indian · chicken · $12,2026-09-07T06:43:18.832Z
rec_462,conv_462,m_14,3,0.99,Japanese · chicken · $12.5,2026-09-07T06:43:18.832Z
rec_463,conv_463,m_23,1,0.99,Mexican · black beans · $11,2026-08-29T06:19:19.511Z
rec_463,conv_463,m_05,2,0.99,Indian · chicken · $12,2026-08-29T06:19:19.511Z
rec_463,conv_463,m_14,3,0.99,Japanese · chicken · $12.5,2026-08-29T06:19:19.511Z
rec_464,conv_464,m_23,1,0.99,Mexican · black beans · $11,2026-08-20T06:13:10.823Z
rec_464,conv_464,m_05,2,0.99,Indian · chicken · $12,2026-08-20T06:13:10.823Z
rec_464,conv_464,m_14,3,0.99,Japanese · chicken · $12.5,2026-08-20T06:13:10.823Z
rec_465,conv_465,m_22,1,0.99,Mexican · chicken · $12.5,2026-10-04T06:13:22.949Z
rec_465,conv_465,m_10,2,0.99,African · chicken · $12,2026-10-04T06:13:22.949Z
rec_465,conv_465,m_05,3,0.99,Indian · chicken · $12,2026-10-04T06:13:22.949Z
rec_466,conv_466,m_22,1,0.99,Mexican · chicken · $12.5,2026-09-25T06:41:37.843Z
rec_466,conv_466,m_10,2,0.99,African · chicken · $12,2026-09-25T06:41:37.843Z
rec_466,conv_466,m_05,3,0.99,Indian · chicken · $12,2026-09-25T06:41:37.843Z
rec_467,conv_467,m_22,1,0.99,Mexican · chicken · $12.5,2026-09-16T06:28:41.777Z
rec_467,conv_467,m_10,2,0.99,African · chicken · $12,2026-09-16T06:28:41.777Z
rec_467,conv_467,m_05,3,0.99,Indian · chicken · $12,2026-09-16T06:28:41.777Z
rec_468,conv_468,m_29,1,0.99,Malaysian · beef · $13,2026-10-04T06:17:16.060Z
rec_468,conv_468,m_10,2,0.99,African · chicken · $12,2026-10-04T06:17:16.060Z
rec_468,conv_468,m_05,3,0.99,Indian · chicken · $12,2026-10-04T06:17:16.060Z
rec_469,conv_469,m_29,1,0.99,Malaysian · beef · $13,2026-09-25T06:49:55.267Z
rec_469,conv_469,m_10,2,0.99,African · chicken · $12,2026-09-25T06:49:55.267Z
rec_469,conv_469,m_05,3,0.99,Indian · chicken · $12,2026-09-25T06:49:55.267Z
rec_470,conv_470,m_29,1,0.99,Malaysian · beef · $13,2026-09-16T06:12:59.086Z
rec_470,conv_470,m_10,2,0.99,African · chicken · $12,2026-09-16T06:12:59.086Z
rec_470,conv_470,m_05,3,0.99,Indian · chicken · $12,2026-09-16T06:12:59.086Z
rec_471,conv_471,m_13,1,0.99,African · none · $3,2026-10-04T06:46:05.071Z
rec_471,conv_471,m_16,2,0.99,Japanese · none · $2.5,2026-10-04T06:46:05.071Z
rec_471,conv_471,m_30,3,0.99,Chinese · tofu · $11,2026-10-04T06:46:05.071Z
rec_472,conv_472,m_13,1,0.99,African · none · $3,2026-09-25T06:39:31.465Z
rec_472,conv_472,m_16,2,0.99,Japanese · none · $2.5,2026-09-25T06:39:31.465Z
rec_472,conv_472,m_30,3,0.99,Chinese · tofu · $11,2026-09-25T06:39:31.465Z
rec_473,conv_473,m_27,1,0.97,Chinese · chicken · $12.5,2026-10-04T06:28:27.571Z
rec_473,conv_473,m_10,2,0.96,African · chicken · $12,2026-10-04T06:28:27.571Z
rec_473,conv_473,m_23,3,0.94,Mexican · black beans · $11,2026-10-04T06:28:27.571Z
rec_474,conv_474,m_02,1,0.99,Thai · tofu · $12.5,2026-10-04T06:31:15.381Z
rec_474,conv_474,m_08,2,0.99,Indian · none · $4,2026-10-04T06:31:15.381Z
rec_474,conv_474,m_30,3,0.99,Chinese · tofu · $11,2026-10-04T06:31:15.381Z
rec_475,conv_475,m_02,1,0.99,Thai · tofu · $12.5,2026-09-25T06:13:23.217Z
rec_475,conv_475,m_08,2,0.99,Indian · none · $4,2026-09-25T06:13:23.217Z
rec_475,conv_475,m_30,3,0.99,Chinese · tofu · $11,2026-09-25T06:13:23.217Z
rec_476,conv_476,m_10,1,0.99,African · chicken · $12,2026-10-04T06:39:08.118Z
rec_476,conv_476,m_07,2,0.99,Indian · chickpeas · $11,2026-10-04T06:39:08.118Z
rec_476,conv_476,m_22,3,0.99,Mexican · chicken · $12.5,2026-10-04T06:39:08.118Z
rec_477,conv_477,m_10,1,0.99,African · chicken · $12,2026-09-25T06:35:20.821Z
rec_477,conv_477,m_07,2,0.99,Indian · chickpeas · $11,2026-09-25T06:35:20.821Z
rec_477,conv_477,m_22,3,0.99,Mexican · chicken · $12.5,2026-09-25T06:35:20.821Z
rec_478,conv_478,m_10,1,0.99,African · chicken · $12,2026-09-16T05:54:03.692Z
rec_478,conv_478,m_07,2,0.99,Indian · chickpeas · $11,2026-09-16T05:54:03.692Z
rec_478,conv_478,m_22,3,0.99,Mexican · chicken · $12.5,2026-09-16T05:54:03.692Z
rec_479,conv_479,m_10,1,0.99,African · chicken · $12,2026-09-07T06:44:52.520Z
rec_479,conv_479,m_07,2,0.99,Indian · chickpeas · $11,2026-09-07T06:44:52.520Z
rec_479,conv_479,m_22,3,0.99,Mexican · chicken · $12.5,2026-09-07T06:44:52.520Z
rec_480,conv_480,m_28,1,0.99,Malaysian · chicken · $12,2026-10-04T06:12:10.777Z
rec_480,conv_480,m_10,2,0.99,African · chicken · $12,2026-10-04T06:12:10.777Z
rec_480,conv_480,m_19,3,0.99,Mediterranean · chicken · $12,2026-10-04T06:12:10.777Z
rec_481,conv_481,m_28,1,0.99,Malaysian · chicken · $12,2026-09-25T05:51:22.294Z
rec_481,conv_481,m_10,2,0.99,African · chicken · $12,2026-09-25T05:51:22.294Z
rec_481,conv_481,m_19,3,0.99,Mediterranean · chicken · $12,2026-09-25T05:51:22.294Z
rec_482,conv_482,m_28,1,0.99,Malaysian · chicken · $12,2026-09-16T06:01:32.539Z
rec_482,conv_482,m_10,2,0.99,African · chicken · $12,2026-09-16T06:01:32.539Z
rec_482,conv_482,m_19,3,0.99,Mediterranean · chicken · $12,2026-09-16T06:01:32.539Z
rec_483,conv_483,m_28,1,0.99,Malaysian · chicken · $12,2026-09-07T05:58:19.597Z
rec_483,conv_483,m_10,2,0.99,African · chicken · $12,2026-09-07T05:58:19.597Z
rec_483,conv_483,m_19,3,0.99,Mediterranean · chicken · $12,2026-09-07T05:58:19.597Z
rec_484,conv_484,m_28,1,0.99,Malaysian · chicken · $12,2026-08-29T06:25:48.960Z
rec_484,conv_484,m_10,2,0.99,African · chicken · $12,2026-08-29T06:25:48.960Z
rec_484,conv_484,m_19,3,0.99,Mediterranean · chicken · $12,2026-08-29T06:25:48.960Z
rec_485,conv_485,m_29,1,0.99,Malaysian · beef · $13,2026-10-04T06:43:34.519Z
rec_485,conv_485,m_26,2,0.99,Korean · beef · $14,2026-10-04T06:43:34.519Z
rec_485,conv_485,m_11,3,0.99,African · beef · $13.5,2026-10-04T06:43:34.519Z
rec_486,conv_486,m_29,1,0.99,Malaysian · beef · $13,2026-09-25T06:13:51.454Z
rec_486,conv_486,m_26,2,0.99,Korean · beef · $14,2026-09-25T06:13:51.454Z
rec_486,conv_486,m_11,3,0.99,African · beef · $13.5,2026-09-25T06:13:51.454Z
rec_487,conv_487,m_07,1,0.96,Indian · chickpeas · $11,2026-10-04T05:56:47.996Z
rec_487,conv_487,m_28,2,0.95,Malaysian · chicken · $12,2026-10-04T05:56:47.996Z
rec_487,conv_487,m_08,3,0.94,Indian · none · $4,2026-10-04T05:56:47.996Z
rec_488,conv_488,m_07,1,0.96,Indian · chickpeas · $11,2026-09-25T06:36:18.756Z
rec_488,conv_488,m_28,2,0.95,Malaysian · chicken · $12,2026-09-25T06:36:18.756Z
rec_488,conv_488,m_08,3,0.94,Indian · none · $4,2026-09-25T06:36:18.756Z
rec_489,conv_489,m_07,1,0.96,Indian · chickpeas · $11,2026-09-16T06:13:25.634Z
rec_489,conv_489,m_28,2,0.95,Malaysian · chicken · $12,2026-09-16T06:13:25.634Z
rec_489,conv_489,m_08,3,0.94,Indian · none · $4,2026-09-16T06:13:25.634Z
rec_490,conv_490,m_07,1,0.96,Indian · chickpeas · $11,2026-09-07T06:21:44.812Z
rec_490,conv_490,m_28,2,0.95,Malaysian · chicken · $12,2026-09-07T06:21:44.812Z
rec_490,conv_490,m_08,3,0.94,Indian · none · $4,2026-09-07T06:21:44.812Z
rec_491,conv_491,m_07,1,0.96,Indian · chickpeas · $11,2026-08-29T06:09:18.157Z
rec_491,conv_491,m_28,2,0.95,Malaysian · chicken · $12,2026-08-29T06:09:18.157Z
rec_491,conv_491,m_08,3,0.94,Indian · none · $4,2026-08-29T06:09:18.157Z
rec_492,conv_492,m_07,1,0.96,Indian · chickpeas · $11,2026-08-20T05:57:47.858Z
rec_492,conv_492,m_28,2,0.95,Malaysian · chicken · $12,2026-08-20T05:57:47.858Z
rec_492,conv_492,m_08,3,0.94,Indian · none · $4,2026-08-20T05:57:47.858Z
rec_493,conv_493,m_13,1,0.99,African · none · $3,2026-10-04T06:10:35.577Z
rec_493,conv_493,m_23,2,0.99,Mexican · black beans · $11,2026-10-04T06:10:35.577Z
rec_493,conv_493,m_08,3,0.99,Indian · none · $4,2026-10-04T06:10:35.577Z
rec_494,conv_494,m_13,1,0.99,African · none · $3,2026-09-25T06:05:26.126Z
rec_494,conv_494,m_23,2,0.99,Mexican · black beans · $11,2026-09-25T06:05:26.126Z
rec_494,conv_494,m_08,3,0.99,Indian · none · $4,2026-09-25T06:05:26.126Z
rec_495,conv_495,m_13,1,0.99,African · none · $3,2026-09-16T06:42:49.389Z
rec_495,conv_495,m_23,2,0.99,Mexican · black beans · $11,2026-09-16T06:42:49.389Z
rec_495,conv_495,m_08,3,0.99,Indian · none · $4,2026-09-16T06:42:49.389Z
rec_496,conv_496,m_13,1,0.99,African · none · $3,2026-09-07T06:33:58.526Z
rec_496,conv_496,m_23,2,0.99,Mexican · black beans · $11,2026-09-07T06:33:58.526Z
rec_496,conv_496,m_08,3,0.99,Indian · none · $4,2026-09-07T06:33:58.526Z
rec_497,conv_497,m_08,1,0.93,Indian · none · $4,2026-10-04T05:56:08.378Z
rec_497,conv_497,m_13,2,0.92,African · none · $3,2026-10-04T05:56:08.378Z
rec_497,conv_497,m_12,3,0.89,African · none · $3.5,2026-10-04T05:56:08.378Z
rec_498,conv_498,m_08,1,0.93,Indian · none · $4,2026-09-25T06:35:03.404Z
rec_498,conv_498,m_13,2,0.92,African · none · $3,2026-09-25T06:35:03.404Z
rec_498,conv_498,m_12,3,0.89,African · none · $3.5,2026-09-25T06:35:03.404Z
rec_499,conv_499,m_10,1,0.99,African · chicken · $12,2026-10-04T06:28:23.567Z
rec_499,conv_499,m_25,2,0.99,Korean · chicken · $13.5,2026-10-04T06:28:23.567Z
rec_499,conv_499,m_05,3,0.99,Indian · chicken · $12,2026-10-04T06:28:23.567Z
rec_500,conv_500,m_10,1,0.99,African · chicken · $12,2026-09-25T06:10:03.899Z
rec_500,conv_500,m_25,2,0.99,Korean · chicken · $13.5,2026-09-25T06:10:03.899Z
rec_500,conv_500,m_05,3,0.99,Indian · chicken · $12,2026-09-25T06:10:03.899Z
rec_501,conv_501,m_30,1,0.99,Chinese · tofu · $11,2026-10-04T06:14:31.081Z
rec_501,conv_501,m_13,2,0.99,African · none · $3,2026-10-04T06:14:31.081Z
rec_501,conv_501,m_07,3,0.99,Indian · chickpeas · $11,2026-10-04T06:14:31.081Z
rec_502,conv_502,m_30,1,0.99,Chinese · tofu · $11,2026-09-25T06:20:44.022Z
rec_502,conv_502,m_13,2,0.99,African · none · $3,2026-09-25T06:20:44.022Z
rec_502,conv_502,m_07,3,0.99,Indian · chickpeas · $11,2026-09-25T06:20:44.022Z
rec_503,conv_503,m_27,1,0.99,Chinese · chicken · $12.5,2026-10-04T06:11:15.663Z
rec_503,conv_503,m_28,2,0.99,Malaysian · chicken · $12,2026-10-04T06:11:15.663Z
rec_503,conv_503,m_05,3,0.99,Indian · chicken · $12,2026-10-04T06:11:15.663Z
rec_504,conv_504,m_27,1,0.99,Chinese · chicken · $12.5,2026-09-25T06:06:26.588Z
rec_504,conv_504,m_28,2,0.99,Malaysian · chicken · $12,2026-09-25T06:06:26.588Z
rec_504,conv_504,m_05,3,0.99,Indian · chicken · $12,2026-09-25T06:06:26.588Z
rec_505,conv_505,m_27,1,0.99,Chinese · chicken · $12.5,2026-09-16T06:49:33.212Z
rec_505,conv_505,m_28,2,0.99,Malaysian · chicken · $12,2026-09-16T06:49:33.212Z
rec_505,conv_505,m_05,3,0.99,Indian · chicken · $12,2026-09-16T06:49:33.212Z
rec_506,conv_506,m_23,1,0.99,Mexican · black beans · $11,2026-10-04T06:10:48.221Z
rec_506,conv_506,m_07,2,0.99,Indian · chickpeas · $11,2026-10-04T06:10:48.221Z
rec_506,conv_506,m_13,3,0.99,African · none · $3,2026-10-04T06:10:48.221Z
rec_507,conv_507,m_23,1,0.99,Mexican · black beans · $11,2026-09-25T06:35:21.076Z
rec_507,conv_507,m_07,2,0.99,Indian · chickpeas · $11,2026-09-25T06:35:21.076Z
rec_507,conv_507,m_13,3,0.99,African · none · $3,2026-09-25T06:35:21.076Z
rec_508,conv_508,m_11,1,0.99,African · beef · $13.5,2026-10-04T06:35:42.712Z
rec_508,conv_508,m_27,2,0.99,Chinese · chicken · $12.5,2026-10-04T06:35:42.712Z
rec_508,conv_508,m_29,3,0.99,Malaysian · beef · $13,2026-10-04T06:35:42.712Z
rec_509,conv_509,m_11,1,0.99,African · beef · $13.5,2026-09-25T06:25:56.122Z
rec_509,conv_509,m_27,2,0.99,Chinese · chicken · $12.5,2026-09-25T06:25:56.122Z
rec_509,conv_509,m_29,3,0.99,Malaysian · beef · $13,2026-09-25T06:25:56.122Z
rec_510,conv_510,m_11,1,0.99,African · beef · $13.5,2026-09-16T06:03:14.454Z
rec_510,conv_510,m_27,2,0.99,Chinese · chicken · $12.5,2026-09-16T06:03:14.454Z
rec_510,conv_510,m_29,3,0.99,Malaysian · beef · $13,2026-09-16T06:03:14.454Z
rec_511,conv_511,m_11,1,0.99,African · beef · $13.5,2026-09-07T06:47:54.845Z
rec_511,conv_511,m_27,2,0.99,Chinese · chicken · $12.5,2026-09-07T06:47:54.845Z
rec_511,conv_511,m_29,3,0.99,Malaysian · beef · $13,2026-09-07T06:47:54.845Z
rec_512,conv_512,m_11,1,0.99,African · beef · $13.5,2026-08-29T06:28:39.719Z
rec_512,conv_512,m_27,2,0.99,Chinese · chicken · $12.5,2026-08-29T06:28:39.719Z
rec_512,conv_512,m_29,3,0.99,Malaysian · beef · $13,2026-08-29T06:28:39.719Z
rec_513,conv_513,m_11,1,0.99,African · beef · $13.5,2026-08-20T06:42:01.877Z
rec_513,conv_513,m_27,2,0.99,Chinese · chicken · $12.5,2026-08-20T06:42:01.877Z
rec_513,conv_513,m_29,3,0.99,Malaysian · beef · $13,2026-08-20T06:42:01.877Z
rec_514,conv_514,m_14,1,0.99,Japanese · chicken · $12.5,2026-10-04T06:09:11.052Z
rec_514,conv_514,m_05,2,0.99,Indian · chicken · $12,2026-10-04T06:09:11.052Z
rec_514,conv_514,m_02,3,0.99,Thai · tofu · $12.5,2026-10-04T06:09:11.052Z
rec_515,conv_515,m_14,1,0.99,Japanese · chicken · $12.5,2026-09-25T06:20:06.039Z
rec_515,conv_515,m_05,2,0.99,Indian · chicken · $12,2026-09-25T06:20:06.039Z
rec_515,conv_515,m_02,3,0.99,Thai · tofu · $12.5,2026-09-25T06:20:06.039Z
rec_516,conv_516,m_11,1,0.99,African · beef · $13.5,2026-10-04T06:08:01.392Z
rec_516,conv_516,m_10,2,0.99,African · chicken · $12,2026-10-04T06:08:01.392Z
rec_516,conv_516,m_22,3,0.99,Mexican · chicken · $12.5,2026-10-04T06:08:01.392Z
rec_517,conv_517,m_11,1,0.99,African · beef · $13.5,2026-09-25T06:26:34.225Z
rec_517,conv_517,m_10,2,0.99,African · chicken · $12,2026-09-25T06:26:34.225Z
rec_517,conv_517,m_22,3,0.99,Mexican · chicken · $12.5,2026-09-25T06:26:34.225Z
rec_518,conv_518,m_13,1,0.93,African · none · $3,2026-10-04T06:01:12.000Z
rec_518,conv_518,m_16,2,0.88,Japanese · none · $2.5,2026-10-04T06:01:12.000Z
rec_518,conv_518,m_10,3,0.85,African · chicken · $12,2026-10-04T06:01:12.000Z
rec_519,conv_519,m_29,1,0.99,Malaysian · beef · $13,2026-10-04T06:29:18.582Z
rec_519,conv_519,m_10,2,0.99,African · chicken · $12,2026-10-04T06:29:18.582Z
rec_519,conv_519,m_07,3,0.99,Indian · chickpeas · $11,2026-10-04T06:29:18.582Z
rec_520,conv_520,m_29,1,0.99,Malaysian · beef · $13,2026-09-25T06:36:40.104Z
rec_520,conv_520,m_10,2,0.99,African · chicken · $12,2026-09-25T06:36:40.104Z
rec_520,conv_520,m_07,3,0.99,Indian · chickpeas · $11,2026-09-25T06:36:40.104Z
rec_521,conv_521,m_08,1,0.98,Indian · none · $4,2026-10-04T06:17:41.810Z
rec_521,conv_521,m_23,2,0.94,Mexican · black beans · $11,2026-10-04T06:17:41.810Z
rec_521,conv_521,m_30,3,0.93,Chinese · tofu · $11,2026-10-04T06:17:41.810Z
rec_522,conv_522,m_08,1,0.98,Indian · none · $4,2026-09-25T06:10:36.169Z
rec_522,conv_522,m_23,2,0.94,Mexican · black beans · $11,2026-09-25T06:10:36.169Z
rec_522,conv_522,m_30,3,0.93,Chinese · tofu · $11,2026-09-25T06:10:36.169Z
rec_523,conv_523,m_08,1,0.98,Indian · none · $4,2026-09-16T06:16:34.044Z
rec_523,conv_523,m_23,2,0.94,Mexican · black beans · $11,2026-09-16T06:16:34.044Z
rec_523,conv_523,m_30,3,0.93,Chinese · tofu · $11,2026-09-16T06:16:34.044Z
rec_524,conv_524,m_08,1,0.98,Indian · none · $4,2026-09-07T06:15:45.770Z
rec_524,conv_524,m_23,2,0.94,Mexican · black beans · $11,2026-09-07T06:15:45.770Z
rec_524,conv_524,m_30,3,0.93,Chinese · tofu · $11,2026-09-07T06:15:45.770Z
rec_525,conv_525,m_28,1,0.99,Malaysian · chicken · $12,2026-10-04T06:28:48.499Z
rec_525,conv_525,m_22,2,0.99,Mexican · chicken · $12.5,2026-10-04T06:28:48.499Z
rec_525,conv_525,m_25,3,0.99,Korean · chicken · $13.5,2026-10-04T06:28:48.499Z
rec_526,conv_526,m_28,1,0.99,Malaysian · chicken · $12,2026-09-25T06:46:03.060Z
rec_526,conv_526,m_22,2,0.99,Mexican · chicken · $12.5,2026-09-25T06:46:03.060Z
rec_526,conv_526,m_25,3,0.99,Korean · chicken · $13.5,2026-09-25T06:46:03.060Z
rec_527,conv_527,m_13,1,0.99,African · none · $3,2026-10-04T06:12:40.860Z
rec_527,conv_527,m_24,2,0.99,Mexican · none · $3,2026-10-04T06:12:40.860Z
rec_527,conv_527,m_30,3,0.99,Chinese · tofu · $11,2026-10-04T06:12:40.860Z
rec_528,conv_528,m_13,1,0.99,African · none · $3,2026-09-25T06:12:30.484Z
rec_528,conv_528,m_24,2,0.99,Mexican · none · $3,2026-09-25T06:12:30.484Z
rec_528,conv_528,m_30,3,0.99,Chinese · tofu · $11,2026-09-25T06:12:30.484Z
rec_529,conv_529,m_13,1,0.99,African · none · $3,2026-09-16T06:47:05.916Z
rec_529,conv_529,m_24,2,0.99,Mexican · none · $3,2026-09-16T06:47:05.916Z
rec_529,conv_529,m_30,3,0.99,Chinese · tofu · $11,2026-09-16T06:47:05.916Z
rec_530,conv_530,m_23,1,0.94,Mexican · black beans · $11,2026-10-04T06:05:52.017Z
rec_530,conv_530,m_13,2,0.91,African · none · $3,2026-10-04T06:05:52.017Z
rec_530,conv_530,m_07,3,0.91,Indian · chickpeas · $11,2026-10-04T06:05:52.017Z
rec_531,conv_531,m_23,1,0.99,Mexican · black beans · $11,2026-10-04T06:13:24.333Z
rec_531,conv_531,m_07,2,0.99,Indian · chickpeas · $11,2026-10-04T06:13:24.333Z
rec_531,conv_531,m_08,3,0.99,Indian · none · $4,2026-10-04T06:13:24.333Z
rec_532,conv_532,m_28,1,0.99,Malaysian · chicken · $12,2026-10-04T06:16:22.135Z
rec_532,conv_532,m_05,2,0.99,Indian · chicken · $12,2026-10-04T06:16:22.135Z
rec_532,conv_532,m_07,3,0.99,Indian · chickpeas · $11,2026-10-04T06:16:22.135Z
rec_533,conv_533,m_28,1,0.99,Malaysian · chicken · $12,2026-09-25T06:02:24.630Z
rec_533,conv_533,m_05,2,0.99,Indian · chicken · $12,2026-09-25T06:02:24.630Z
rec_533,conv_533,m_07,3,0.99,Indian · chickpeas · $11,2026-09-25T06:02:24.630Z
rec_534,conv_534,m_10,1,0.96,African · chicken · $12,2026-10-04T06:40:32.359Z
rec_534,conv_534,m_08,2,0.95,Indian · none · $4,2026-10-04T06:40:32.359Z
rec_534,conv_534,m_30,3,0.93,Chinese · tofu · $11,2026-10-04T06:40:32.359Z
rec_535,conv_535,m_10,1,0.96,African · chicken · $12,2026-09-25T06:25:11.352Z
rec_535,conv_535,m_08,2,0.95,Indian · none · $4,2026-09-25T06:25:11.352Z
rec_535,conv_535,m_30,3,0.93,Chinese · tofu · $11,2026-09-25T06:25:11.352Z
rec_536,conv_536,m_10,1,0.96,African · chicken · $12,2026-09-16T06:34:10.307Z
rec_536,conv_536,m_08,2,0.95,Indian · none · $4,2026-09-16T06:34:10.307Z
rec_536,conv_536,m_30,3,0.93,Chinese · tofu · $11,2026-09-16T06:34:10.307Z
rec_537,conv_537,m_10,1,0.96,African · chicken · $12,2026-09-07T06:17:46.047Z
rec_537,conv_537,m_08,2,0.95,Indian · none · $4,2026-09-07T06:17:46.047Z
rec_537,conv_537,m_30,3,0.93,Chinese · tofu · $11,2026-09-07T06:17:46.047Z
rec_538,conv_538,m_10,1,0.96,African · chicken · $12,2026-08-29T05:58:37.315Z
rec_538,conv_538,m_08,2,0.95,Indian · none · $4,2026-08-29T05:58:37.315Z
rec_538,conv_538,m_30,3,0.93,Chinese · tofu · $11,2026-08-29T05:58:37.315Z
rec_539,conv_539,m_10,1,0.96,African · chicken · $12,2026-08-20T06:34:42.662Z
rec_539,conv_539,m_08,2,0.95,Indian · none · $4,2026-08-20T06:34:42.662Z
rec_539,conv_539,m_30,3,0.93,Chinese · tofu · $11,2026-08-20T06:34:42.662Z
rec_540,conv_540,m_11,1,0.99,African · beef · $13.5,2026-10-04T06:48:49.076Z
rec_540,conv_540,m_10,2,0.99,African · chicken · $12,2026-10-04T06:48:49.076Z
rec_540,conv_540,m_05,3,0.99,Indian · chicken · $12,2026-10-04T06:48:49.076Z
rec_541,conv_541,m_11,1,0.99,African · beef · $13.5,2026-09-25T06:16:31.966Z
rec_541,conv_541,m_10,2,0.99,African · chicken · $12,2026-09-25T06:16:31.966Z
rec_541,conv_541,m_05,3,0.99,Indian · chicken · $12,2026-09-25T06:16:31.966Z
rec_542,conv_542,m_11,1,0.99,African · beef · $13.5,2026-09-16T06:48:41.377Z
rec_542,conv_542,m_10,2,0.99,African · chicken · $12,2026-09-16T06:48:41.377Z
rec_542,conv_542,m_05,3,0.99,Indian · chicken · $12,2026-09-16T06:48:41.377Z
rec_543,conv_543,m_11,1,0.99,African · beef · $13.5,2026-09-07T06:12:02.197Z
rec_543,conv_543,m_10,2,0.99,African · chicken · $12,2026-09-07T06:12:02.197Z
rec_543,conv_543,m_05,3,0.99,Indian · chicken · $12,2026-09-07T06:12:02.197Z
rec_544,conv_544,m_11,1,0.99,African · beef · $13.5,2026-08-29T06:27:05.095Z
rec_544,conv_544,m_10,2,0.99,African · chicken · $12,2026-08-29T06:27:05.095Z
rec_544,conv_544,m_05,3,0.99,Indian · chicken · $12,2026-08-29T06:27:05.095Z
rec_545,conv_545,m_10,1,0.99,African · chicken · $12,2026-10-04T05:56:48.503Z
rec_545,conv_545,m_05,2,0.99,Indian · chicken · $12,2026-10-04T05:56:48.503Z
rec_545,conv_545,m_28,3,0.99,Malaysian · chicken · $12,2026-10-04T05:56:48.503Z
rec_546,conv_546,m_22,1,0.99,Mexican · chicken · $12.5,2026-10-04T05:54:02.038Z
rec_546,conv_546,m_29,2,0.99,Malaysian · beef · $13,2026-10-04T05:54:02.038Z
rec_546,conv_546,m_28,3,0.99,Malaysian · chicken · $12,2026-10-04T05:54:02.038Z
rec_547,conv_547,m_22,1,0.99,Mexican · chicken · $12.5,2026-09-25T06:08:36.000Z
rec_547,conv_547,m_29,2,0.99,Malaysian · beef · $13,2026-09-25T06:08:36.000Z
rec_547,conv_547,m_28,3,0.99,Malaysian · chicken · $12,2026-09-25T06:08:36.000Z
rec_548,conv_548,m_16,1,0.91,Japanese · none · $2.5,2026-10-04T06:29:35.610Z
rec_548,conv_548,m_13,2,0.91,African · none · $3,2026-10-04T06:29:35.610Z
rec_548,conv_548,m_24,3,0.87,Mexican · none · $3,2026-10-04T06:29:35.610Z
rec_549,conv_549,m_16,1,0.91,Japanese · none · $2.5,2026-09-25T06:12:31.651Z
rec_549,conv_549,m_13,2,0.91,African · none · $3,2026-09-25T06:12:31.651Z
rec_549,conv_549,m_24,3,0.87,Mexican · none · $3,2026-09-25T06:12:31.651Z
rec_550,conv_550,m_16,1,0.91,Japanese · none · $2.5,2026-09-16T05:58:57.993Z
rec_550,conv_550,m_13,2,0.91,African · none · $3,2026-09-16T05:58:57.993Z
rec_550,conv_550,m_24,3,0.87,Mexican · none · $3,2026-09-16T05:58:57.993Z
rec_551,conv_551,m_16,1,0.91,Japanese · none · $2.5,2026-09-07T06:02:41.673Z
rec_551,conv_551,m_13,2,0.91,African · none · $3,2026-09-07T06:02:41.673Z
rec_551,conv_551,m_24,3,0.87,Mexican · none · $3,2026-09-07T06:02:41.673Z
rec_552,conv_552,m_16,1,0.91,Japanese · none · $2.5,2026-08-29T06:05:16.563Z
rec_552,conv_552,m_13,2,0.91,African · none · $3,2026-08-29T06:05:16.563Z
rec_552,conv_552,m_24,3,0.87,Mexican · none · $3,2026-08-29T06:05:16.563Z
rec_553,conv_553,m_28,1,0.99,Malaysian · chicken · $12,2026-10-04T06:15:37.279Z
rec_553,conv_553,m_10,2,0.99,African · chicken · $12,2026-10-04T06:15:37.279Z
rec_553,conv_553,m_05,3,0.99,Indian · chicken · $12,2026-10-04T06:15:37.279Z
rec_554,conv_554,m_28,1,0.99,Malaysian · chicken · $12,2026-09-25T06:17:01.401Z
rec_554,conv_554,m_10,2,0.99,African · chicken · $12,2026-09-25T06:17:01.401Z
rec_554,conv_554,m_05,3,0.99,Indian · chicken · $12,2026-09-25T06:17:01.401Z
rec_555,conv_555,m_28,1,0.99,Malaysian · chicken · $12,2026-09-16T06:17:54.878Z
rec_555,conv_555,m_10,2,0.99,African · chicken · $12,2026-09-16T06:17:54.878Z
rec_555,conv_555,m_05,3,0.99,Indian · chicken · $12,2026-09-16T06:17:54.878Z
rec_556,conv_556,m_28,1,0.99,Malaysian · chicken · $12,2026-09-07T06:03:57.803Z
rec_556,conv_556,m_10,2,0.99,African · chicken · $12,2026-09-07T06:03:57.803Z
rec_556,conv_556,m_05,3,0.99,Indian · chicken · $12,2026-09-07T06:03:57.803Z
rec_557,conv_557,m_13,1,0.99,African · none · $3,2026-10-04T06:45:50.002Z
rec_557,conv_557,m_24,2,0.99,Mexican · none · $3,2026-10-04T06:45:50.002Z
rec_557,conv_557,m_02,3,0.99,Thai · tofu · $12.5,2026-10-04T06:45:50.002Z
rec_558,conv_558,m_13,1,0.99,African · none · $3,2026-09-25T05:51:59.941Z
rec_558,conv_558,m_24,2,0.99,Mexican · none · $3,2026-09-25T05:51:59.941Z
rec_558,conv_558,m_02,3,0.99,Thai · tofu · $12.5,2026-09-25T05:51:59.941Z
rec_559,conv_559,m_11,1,0.99,African · beef · $13.5,2026-10-04T05:57:01.876Z
rec_559,conv_559,m_27,2,0.99,Chinese · chicken · $12.5,2026-10-04T05:57:01.876Z
rec_559,conv_559,m_01,3,0.99,Thai · chicken · $13,2026-10-04T05:57:01.876Z
rec_560,conv_560,m_23,1,0.99,Mexican · black beans · $11,2026-10-04T06:49:24.628Z
rec_560,conv_560,m_02,2,0.99,Thai · tofu · $12.5,2026-10-04T06:49:24.628Z
rec_560,conv_560,m_24,3,0.99,Mexican · none · $3,2026-10-04T06:49:24.628Z
rec_561,conv_561,m_23,1,0.99,Mexican · black beans · $11,2026-09-25T06:00:52.241Z
rec_561,conv_561,m_02,2,0.99,Thai · tofu · $12.5,2026-09-25T06:00:52.241Z
rec_561,conv_561,m_24,3,0.99,Mexican · none · $3,2026-09-25T06:00:52.241Z
rec_562,conv_562,m_23,1,0.99,Mexican · black beans · $11,2026-09-16T06:23:59.357Z
rec_562,conv_562,m_02,2,0.99,Thai · tofu · $12.5,2026-09-16T06:23:59.357Z
rec_562,conv_562,m_24,3,0.99,Mexican · none · $3,2026-09-16T06:23:59.357Z
rec_563,conv_563,m_23,1,0.99,Mexican · black beans · $11,2026-09-07T06:47:18.269Z
rec_563,conv_563,m_02,2,0.99,Thai · tofu · $12.5,2026-09-07T06:47:18.269Z
rec_563,conv_563,m_24,3,0.99,Mexican · none · $3,2026-09-07T06:47:18.269Z
rec_564,conv_564,m_22,1,0.99,Mexican · chicken · $12.5,2026-10-04T06:20:37.261Z
rec_564,conv_564,m_29,2,0.99,Malaysian · beef · $13,2026-10-04T06:20:37.261Z
rec_564,conv_564,m_02,3,0.99,Thai · tofu · $12.5,2026-10-04T06:20:37.261Z
rec_565,conv_565,m_22,1,0.99,Mexican · chicken · $12.5,2026-09-25T05:57:25.442Z
rec_565,conv_565,m_29,2,0.99,Malaysian · beef · $13,2026-09-25T05:57:25.442Z
rec_565,conv_565,m_02,3,0.99,Thai · tofu · $12.5,2026-09-25T05:57:25.442Z
rec_566,conv_566,m_05,1,0.99,Indian · chicken · $12,2026-10-04T06:34:24.043Z
rec_566,conv_566,m_25,2,0.99,Korean · chicken · $13.5,2026-10-04T06:34:24.043Z
rec_566,conv_566,m_22,3,0.99,Mexican · chicken · $12.5,2026-10-04T06:34:24.043Z
rec_567,conv_567,m_05,1,0.99,Indian · chicken · $12,2026-09-25T06:16:17.067Z
rec_567,conv_567,m_25,2,0.99,Korean · chicken · $13.5,2026-09-25T06:16:17.067Z
rec_567,conv_567,m_22,3,0.99,Mexican · chicken · $12.5,2026-09-25T06:16:17.067Z
rec_568,conv_568,m_05,1,0.99,Indian · chicken · $12,2026-09-16T06:26:03.351Z
rec_568,conv_568,m_25,2,0.99,Korean · chicken · $13.5,2026-09-16T06:26:03.351Z
rec_568,conv_568,m_22,3,0.99,Mexican · chicken · $12.5,2026-09-16T06:26:03.351Z
rec_569,conv_569,m_05,1,0.99,Indian · chicken · $12,2026-09-07T05:52:07.888Z
rec_569,conv_569,m_25,2,0.99,Korean · chicken · $13.5,2026-09-07T05:52:07.888Z
rec_569,conv_569,m_22,3,0.99,Mexican · chicken · $12.5,2026-09-07T05:52:07.888Z
rec_570,conv_570,m_05,1,0.99,Indian · chicken · $12,2026-08-29T06:49:16.576Z
rec_570,conv_570,m_25,2,0.99,Korean · chicken · $13.5,2026-08-29T06:49:16.576Z
rec_570,conv_570,m_22,3,0.99,Mexican · chicken · $12.5,2026-08-29T06:49:16.576Z
rec_571,conv_571,m_29,1,0.99,Malaysian · beef · $13,2026-10-04T06:02:35.522Z
rec_571,conv_571,m_10,2,0.99,African · chicken · $12,2026-10-04T06:02:35.522Z
rec_571,conv_571,m_22,3,0.99,Mexican · chicken · $12.5,2026-10-04T06:02:35.522Z
rec_572,conv_572,m_29,1,0.99,Malaysian · beef · $13,2026-09-25T06:27:36.545Z
rec_572,conv_572,m_10,2,0.99,African · chicken · $12,2026-09-25T06:27:36.545Z
rec_572,conv_572,m_22,3,0.99,Mexican · chicken · $12.5,2026-09-25T06:27:36.545Z
rec_573,conv_573,m_29,1,0.99,Malaysian · beef · $13,2026-09-16T06:10:56.888Z
rec_573,conv_573,m_10,2,0.99,African · chicken · $12,2026-09-16T06:10:56.888Z
rec_573,conv_573,m_22,3,0.99,Mexican · chicken · $12.5,2026-09-16T06:10:56.888Z
rec_574,conv_574,m_29,1,0.99,Malaysian · beef · $13,2026-09-07T05:51:32.493Z
rec_574,conv_574,m_10,2,0.99,African · chicken · $12,2026-09-07T05:51:32.493Z
rec_574,conv_574,m_22,3,0.99,Mexican · chicken · $12.5,2026-09-07T05:51:32.493Z
rec_575,conv_575,m_13,1,0.95,African · none · $3,2026-10-04T06:42:07.467Z
rec_575,conv_575,m_08,2,0.92,Indian · none · $4,2026-10-04T06:42:07.467Z
rec_575,conv_575,m_12,3,0.89,African · none · $3.5,2026-10-04T06:42:07.467Z
rec_576,conv_576,m_13,1,0.95,African · none · $3,2026-09-25T06:28:41.036Z
rec_576,conv_576,m_08,2,0.92,Indian · none · $4,2026-09-25T06:28:41.036Z
rec_576,conv_576,m_12,3,0.89,African · none · $3.5,2026-09-25T06:28:41.036Z
rec_577,conv_577,m_13,1,0.95,African · none · $3,2026-09-16T06:00:04.190Z
rec_577,conv_577,m_08,2,0.92,Indian · none · $4,2026-09-16T06:00:04.190Z
rec_577,conv_577,m_12,3,0.89,African · none · $3.5,2026-09-16T06:00:04.190Z
rec_578,conv_578,m_13,1,0.95,African · none · $3,2026-09-07T06:46:12.353Z
rec_578,conv_578,m_08,2,0.92,Indian · none · $4,2026-09-07T06:46:12.353Z
rec_578,conv_578,m_12,3,0.89,African · none · $3.5,2026-09-07T06:46:12.353Z
rec_579,conv_579,m_22,1,0.99,Mexican · chicken · $12.5,2026-10-04T06:49:20.756Z
rec_579,conv_579,m_05,2,0.99,Indian · chicken · $12,2026-10-04T06:49:20.756Z
rec_579,conv_579,m_28,3,0.99,Malaysian · chicken · $12,2026-10-04T06:49:20.756Z
rec_580,conv_580,m_22,1,0.99,Mexican · chicken · $12.5,2026-09-25T06:12:41.745Z
rec_580,conv_580,m_05,2,0.99,Indian · chicken · $12,2026-09-25T06:12:41.745Z
rec_580,conv_580,m_28,3,0.99,Malaysian · chicken · $12,2026-09-25T06:12:41.745Z
rec_581,conv_581,m_22,1,0.99,Mexican · chicken · $12.5,2026-09-16T06:25:36.239Z
rec_581,conv_581,m_05,2,0.99,Indian · chicken · $12,2026-09-16T06:25:36.239Z
rec_581,conv_581,m_28,3,0.99,Malaysian · chicken · $12,2026-09-16T06:25:36.239Z
rec_582,conv_582,m_22,1,0.99,Mexican · chicken · $12.5,2026-09-07T06:06:31.513Z
rec_582,conv_582,m_05,2,0.99,Indian · chicken · $12,2026-09-07T06:06:31.513Z
rec_582,conv_582,m_28,3,0.99,Malaysian · chicken · $12,2026-09-07T06:06:31.513Z
rec_583,conv_583,m_10,1,0.98,African · chicken · $12,2026-10-04T06:17:26.931Z
rec_583,conv_583,m_22,2,0.95,Mexican · chicken · $12.5,2026-10-04T06:17:26.931Z
rec_583,conv_583,m_05,3,0.94,Indian · chicken · $12,2026-10-04T06:17:26.931Z
rec_584,conv_584,m_10,1,0.98,African · chicken · $12,2026-09-25T06:10:43.007Z
rec_584,conv_584,m_22,2,0.95,Mexican · chicken · $12.5,2026-09-25T06:10:43.007Z
rec_584,conv_584,m_05,3,0.94,Indian · chicken · $12,2026-09-25T06:10:43.007Z
rec_585,conv_585,m_10,1,0.98,African · chicken · $12,2026-09-16T06:12:44.133Z
rec_585,conv_585,m_22,2,0.95,Mexican · chicken · $12.5,2026-09-16T06:12:44.133Z
rec_585,conv_585,m_05,3,0.94,Indian · chicken · $12,2026-09-16T06:12:44.133Z
rec_586,conv_586,m_10,1,0.98,African · chicken · $12,2026-09-07T06:46:46.171Z
rec_586,conv_586,m_22,2,0.95,Mexican · chicken · $12.5,2026-09-07T06:46:46.171Z
rec_586,conv_586,m_05,3,0.94,Indian · chicken · $12,2026-09-07T06:46:46.171Z
rec_587,conv_587,m_11,1,0.99,African · beef · $13.5,2026-10-04T06:49:14.003Z
rec_587,conv_587,m_25,2,0.99,Korean · chicken · $13.5,2026-10-04T06:49:14.003Z
rec_587,conv_587,m_01,3,0.99,Thai · chicken · $13,2026-10-04T06:49:14.003Z
rec_588,conv_588,m_11,1,0.99,African · beef · $13.5,2026-09-25T06:15:41.342Z
rec_588,conv_588,m_25,2,0.99,Korean · chicken · $13.5,2026-09-25T06:15:41.342Z
rec_588,conv_588,m_01,3,0.99,Thai · chicken · $13,2026-09-25T06:15:41.342Z
rec_589,conv_589,m_11,1,0.99,African · beef · $13.5,2026-09-16T06:21:54.536Z
rec_589,conv_589,m_25,2,0.99,Korean · chicken · $13.5,2026-09-16T06:21:54.536Z
rec_589,conv_589,m_01,3,0.99,Thai · chicken · $13,2026-09-16T06:21:54.536Z
rec_590,conv_590,m_13,1,0.99,African · none · $3,2026-10-04T06:00:49.927Z
rec_590,conv_590,m_23,2,0.99,Mexican · black beans · $11,2026-10-04T06:00:49.927Z
rec_590,conv_590,m_16,3,0.99,Japanese · none · $2.5,2026-10-04T06:00:49.927Z
rec_591,conv_591,m_13,1,0.99,African · none · $3,2026-09-25T06:11:42.535Z
rec_591,conv_591,m_23,2,0.99,Mexican · black beans · $11,2026-09-25T06:11:42.535Z
rec_591,conv_591,m_16,3,0.99,Japanese · none · $2.5,2026-09-25T06:11:42.535Z
rec_592,conv_592,m_28,1,0.99,Malaysian · chicken · $12,2026-10-04T06:30:09.697Z
rec_592,conv_592,m_22,2,0.99,Mexican · chicken · $12.5,2026-10-04T06:30:09.697Z
rec_592,conv_592,m_27,3,0.99,Chinese · chicken · $12.5,2026-10-04T06:30:09.697Z
rec_593,conv_593,m_28,1,0.99,Malaysian · chicken · $12,2026-09-25T06:10:41.064Z
rec_593,conv_593,m_22,2,0.99,Mexican · chicken · $12.5,2026-09-25T06:10:41.064Z
rec_593,conv_593,m_27,3,0.99,Chinese · chicken · $12.5,2026-09-25T06:10:41.064Z
rec_594,conv_594,m_28,1,0.99,Malaysian · chicken · $12,2026-09-16T06:06:12.663Z
rec_594,conv_594,m_22,2,0.99,Mexican · chicken · $12.5,2026-09-16T06:06:12.663Z
rec_594,conv_594,m_27,3,0.99,Chinese · chicken · $12.5,2026-09-16T06:06:12.663Z
rec_595,conv_595,m_28,1,0.99,Malaysian · chicken · $12,2026-09-07T06:04:42.476Z
rec_595,conv_595,m_22,2,0.99,Mexican · chicken · $12.5,2026-09-07T06:04:42.476Z
rec_595,conv_595,m_27,3,0.99,Chinese · chicken · $12.5,2026-09-07T06:04:42.476Z
rec_596,conv_596,m_28,1,0.99,Malaysian · chicken · $12,2026-08-29T06:47:11.009Z
rec_596,conv_596,m_22,2,0.99,Mexican · chicken · $12.5,2026-08-29T06:47:11.009Z
rec_596,conv_596,m_27,3,0.99,Chinese · chicken · $12.5,2026-08-29T06:47:11.009Z
rec_597,conv_597,m_02,1,0.99,Thai · tofu · $12.5,2026-10-04T06:11:47.341Z
rec_597,conv_597,m_07,2,0.99,Indian · chickpeas · $11,2026-10-04T06:11:47.341Z
rec_597,conv_597,m_23,3,0.99,Mexican · black beans · $11,2026-10-04T06:11:47.341Z
rec_598,conv_598,m_02,1,0.99,Thai · tofu · $12.5,2026-09-25T05:57:09.244Z
rec_598,conv_598,m_07,2,0.99,Indian · chickpeas · $11,2026-09-25T05:57:09.244Z
rec_598,conv_598,m_23,3,0.99,Mexican · black beans · $11,2026-09-25T05:57:09.244Z
rec_599,conv_599,m_05,1,0.99,Indian · chicken · $12,2026-10-04T06:06:40.365Z
rec_599,conv_599,m_22,2,0.99,Mexican · chicken · $12.5,2026-10-04T06:06:40.365Z
rec_599,conv_599,m_23,3,0.99,Mexican · black beans · $11,2026-10-04T06:06:40.365Z
rec_600,conv_600,m_05,1,0.99,Indian · chicken · $12,2026-09-25T06:29:38.732Z
rec_600,conv_600,m_22,2,0.99,Mexican · chicken · $12.5,2026-09-25T06:29:38.732Z
rec_600,conv_600,m_23,3,0.99,Mexican · black beans · $11,2026-09-25T06:29:38.732Z
rec_601,conv_601,m_05,1,0.99,Indian · chicken · $12,2026-09-16T06:38:35.535Z
rec_601,conv_601,m_22,2,0.99,Mexican · chicken · $12.5,2026-09-16T06:38:35.535Z
rec_601,conv_601,m_23,3,0.99,Mexican · black beans · $11,2026-09-16T06:38:35.535Z
rec_602,conv_602,m_05,1,0.99,Indian · chicken · $12,2026-09-07T06:10:58.938Z
rec_602,conv_602,m_22,2,0.99,Mexican · chicken · $12.5,2026-09-07T06:10:58.938Z
rec_602,conv_602,m_23,3,0.99,Mexican · black beans · $11,2026-09-07T06:10:58.938Z
rec_603,conv_603,m_13,1,0.97,African · none · $3,2026-10-04T06:31:01.146Z
rec_603,conv_603,m_12,2,0.94,African · none · $3.5,2026-10-04T06:31:01.146Z
rec_603,conv_603,m_30,3,0.93,Chinese · tofu · $11,2026-10-04T06:31:01.146Z
rec_604,conv_604,m_13,1,0.97,African · none · $3,2026-09-25T06:04:06.449Z
rec_604,conv_604,m_12,2,0.94,African · none · $3.5,2026-09-25T06:04:06.449Z
rec_604,conv_604,m_30,3,0.93,Chinese · tofu · $11,2026-09-25T06:04:06.449Z
rec_605,conv_605,m_13,1,0.97,African · none · $3,2026-09-16T06:26:16.574Z
rec_605,conv_605,m_12,2,0.94,African · none · $3.5,2026-09-16T06:26:16.574Z
rec_605,conv_605,m_30,3,0.93,Chinese · tofu · $11,2026-09-16T06:26:16.574Z
rec_606,conv_606,m_13,1,0.97,African · none · $3,2026-09-07T06:47:41.258Z
rec_606,conv_606,m_12,2,0.94,African · none · $3.5,2026-09-07T06:47:41.258Z
rec_606,conv_606,m_30,3,0.93,Chinese · tofu · $11,2026-09-07T06:47:41.258Z
rec_607,conv_607,m_13,1,0.97,African · none · $3,2026-08-29T06:40:50.901Z
rec_607,conv_607,m_12,2,0.94,African · none · $3.5,2026-08-29T06:40:50.901Z
rec_607,conv_607,m_30,3,0.93,Chinese · tofu · $11,2026-08-29T06:40:50.901Z
rec_608,conv_608,m_13,1,0.97,African · none · $3,2026-08-20T06:16:48.104Z
rec_608,conv_608,m_12,2,0.94,African · none · $3.5,2026-08-20T06:16:48.104Z
rec_608,conv_608,m_30,3,0.93,Chinese · tofu · $11,2026-08-20T06:16:48.104Z
rec_609,conv_609,m_29,1,0.99,Malaysian · beef · $13,2026-10-04T06:36:44.656Z
rec_609,conv_609,m_05,2,0.99,Indian · chicken · $12,2026-10-04T06:36:44.656Z
rec_609,conv_609,m_26,3,0.99,Korean · beef · $14,2026-10-04T06:36:44.656Z
rec_610,conv_610,m_29,1,0.99,Malaysian · beef · $13,2026-09-25T06:19:34.265Z
rec_610,conv_610,m_05,2,0.99,Indian · chicken · $12,2026-09-25T06:19:34.265Z
rec_610,conv_610,m_26,3,0.99,Korean · beef · $14,2026-09-25T06:19:34.265Z
rec_611,conv_611,m_29,1,0.99,Malaysian · beef · $13,2026-09-16T06:11:30.138Z
rec_611,conv_611,m_05,2,0.99,Indian · chicken · $12,2026-09-16T06:11:30.138Z
rec_611,conv_611,m_26,3,0.99,Korean · beef · $14,2026-09-16T06:11:30.138Z
rec_612,conv_612,m_29,1,0.99,Malaysian · beef · $13,2026-09-07T06:21:11.611Z
rec_612,conv_612,m_05,2,0.99,Indian · chicken · $12,2026-09-07T06:21:11.611Z
rec_612,conv_612,m_26,3,0.99,Korean · beef · $14,2026-09-07T06:21:11.611Z
rec_613,conv_613,m_29,1,0.99,Malaysian · beef · $13,2026-08-29T06:33:27.934Z
rec_613,conv_613,m_05,2,0.99,Indian · chicken · $12,2026-08-29T06:33:27.934Z
rec_613,conv_613,m_26,3,0.99,Korean · beef · $14,2026-08-29T06:33:27.934Z
rec_614,conv_614,m_29,1,0.99,Malaysian · beef · $13,2026-08-20T05:51:41.301Z
rec_614,conv_614,m_05,2,0.99,Indian · chicken · $12,2026-08-20T05:51:41.301Z
rec_614,conv_614,m_26,3,0.99,Korean · beef · $14,2026-08-20T05:51:41.301Z
rec_615,conv_615,m_05,1,0.99,Indian · chicken · $12,2026-10-04T06:18:03.244Z
rec_615,conv_615,m_10,2,0.99,African · chicken · $12,2026-10-04T06:18:03.244Z
rec_615,conv_615,m_28,3,0.99,Malaysian · chicken · $12,2026-10-04T06:18:03.244Z
rec_616,conv_616,m_05,1,0.99,Indian · chicken · $12,2026-09-25T06:29:35.918Z
rec_616,conv_616,m_10,2,0.99,African · chicken · $12,2026-09-25T06:29:35.918Z
rec_616,conv_616,m_28,3,0.99,Malaysian · chicken · $12,2026-09-25T06:29:35.918Z
rec_617,conv_617,m_05,1,0.99,Indian · chicken · $12,2026-09-16T06:49:49.294Z
rec_617,conv_617,m_10,2,0.99,African · chicken · $12,2026-09-16T06:49:49.294Z
rec_617,conv_617,m_28,3,0.99,Malaysian · chicken · $12,2026-09-16T06:49:49.294Z
rec_618,conv_618,m_05,1,0.99,Indian · chicken · $12,2026-09-07T06:04:28.865Z
rec_618,conv_618,m_10,2,0.99,African · chicken · $12,2026-09-07T06:04:28.865Z
rec_618,conv_618,m_28,3,0.99,Malaysian · chicken · $12,2026-09-07T06:04:28.865Z
rec_619,conv_619,m_28,1,0.99,Malaysian · chicken · $12,2026-10-04T05:57:12.028Z
rec_619,conv_619,m_10,2,0.99,African · chicken · $12,2026-10-04T05:57:12.028Z
rec_619,conv_619,m_23,3,0.99,Mexican · black beans · $11,2026-10-04T05:57:12.028Z
rec_620,conv_620,m_28,1,0.99,Malaysian · chicken · $12,2026-09-25T06:48:26.822Z
rec_620,conv_620,m_10,2,0.99,African · chicken · $12,2026-09-25T06:48:26.822Z
rec_620,conv_620,m_23,3,0.99,Mexican · black beans · $11,2026-09-25T06:48:26.822Z
rec_621,conv_621,m_28,1,0.99,Malaysian · chicken · $12,2026-09-16T06:32:46.366Z
rec_621,conv_621,m_10,2,0.99,African · chicken · $12,2026-09-16T06:32:46.366Z
rec_621,conv_621,m_23,3,0.99,Mexican · black beans · $11,2026-09-16T06:32:46.366Z
rec_622,conv_622,m_28,1,0.99,Malaysian · chicken · $12,2026-09-07T06:41:44.802Z
rec_622,conv_622,m_10,2,0.99,African · chicken · $12,2026-09-07T06:41:44.802Z
rec_622,conv_622,m_23,3,0.99,Mexican · black beans · $11,2026-09-07T06:41:44.802Z
rec_623,conv_623,m_28,1,0.99,Malaysian · chicken · $12,2026-08-29T06:27:56.667Z
rec_623,conv_623,m_10,2,0.99,African · chicken · $12,2026-08-29T06:27:56.667Z
rec_623,conv_623,m_23,3,0.99,Mexican · black beans · $11,2026-08-29T06:27:56.667Z
rec_624,conv_624,m_10,1,0.99,African · chicken · $12,2026-10-04T06:20:40.752Z
rec_624,conv_624,m_22,2,0.99,Mexican · chicken · $12.5,2026-10-04T06:20:40.752Z
rec_624,conv_624,m_05,3,0.99,Indian · chicken · $12,2026-10-04T06:20:40.752Z
rec_625,conv_625,m_10,1,0.99,African · chicken · $12,2026-09-25T06:05:42.834Z
rec_625,conv_625,m_22,2,0.99,Mexican · chicken · $12.5,2026-09-25T06:05:42.834Z
rec_625,conv_625,m_05,3,0.99,Indian · chicken · $12,2026-09-25T06:05:42.834Z
rec_626,conv_626,m_10,1,0.99,African · chicken · $12,2026-09-16T06:07:25.297Z
rec_626,conv_626,m_22,2,0.99,Mexican · chicken · $12.5,2026-09-16T06:07:25.297Z
rec_626,conv_626,m_05,3,0.99,Indian · chicken · $12,2026-09-16T06:07:25.297Z
rec_627,conv_627,m_10,1,0.99,African · chicken · $12,2026-09-07T06:23:39.199Z
rec_627,conv_627,m_22,2,0.99,Mexican · chicken · $12.5,2026-09-07T06:23:39.199Z
rec_627,conv_627,m_05,3,0.99,Indian · chicken · $12,2026-09-07T06:23:39.199Z
rec_628,conv_628,m_10,1,0.99,African · chicken · $12,2026-08-29T06:11:11.474Z
rec_628,conv_628,m_22,2,0.99,Mexican · chicken · $12.5,2026-08-29T06:11:11.474Z
rec_628,conv_628,m_05,3,0.99,Indian · chicken · $12,2026-08-29T06:11:11.474Z
rec_629,conv_629,m_10,1,0.99,African · chicken · $12,2026-08-20T06:47:23.657Z
rec_629,conv_629,m_22,2,0.99,Mexican · chicken · $12.5,2026-08-20T06:47:23.657Z
rec_629,conv_629,m_05,3,0.99,Indian · chicken · $12,2026-08-20T06:47:23.657Z
rec_630,conv_630,m_05,1,0.99,Indian · chicken · $12,2026-10-04T06:06:31.616Z
rec_630,conv_630,m_10,2,0.99,African · chicken · $12,2026-10-04T06:06:31.616Z
rec_630,conv_630,m_29,3,0.99,Malaysian · beef · $13,2026-10-04T06:06:31.616Z
rec_631,conv_631,m_05,1,0.99,Indian · chicken · $12,2026-09-25T05:59:40.639Z
rec_631,conv_631,m_10,2,0.99,African · chicken · $12,2026-09-25T05:59:40.639Z
rec_631,conv_631,m_29,3,0.99,Malaysian · beef · $13,2026-09-25T05:59:40.639Z
rec_632,conv_632,m_16,1,0.99,Japanese · none · $2.5,2026-10-04T06:35:17.005Z
rec_632,conv_632,m_13,2,0.99,African · none · $3,2026-10-04T06:35:17.005Z
rec_632,conv_632,m_18,3,0.99,Mediterranean · chickpeas · $11.5,2026-10-04T06:35:17.005Z
rec_633,conv_633,m_16,1,0.99,Japanese · none · $2.5,2026-09-25T05:53:24.750Z
rec_633,conv_633,m_13,2,0.99,African · none · $3,2026-09-25T05:53:24.750Z
rec_633,conv_633,m_18,3,0.99,Mediterranean · chickpeas · $11.5,2026-09-25T05:53:24.750Z
rec_634,conv_634,m_16,1,0.99,Japanese · none · $2.5,2026-09-16T06:31:03.425Z
rec_634,conv_634,m_13,2,0.99,African · none · $3,2026-09-16T06:31:03.425Z
rec_634,conv_634,m_18,3,0.99,Mediterranean · chickpeas · $11.5,2026-09-16T06:31:03.425Z
rec_635,conv_635,m_16,1,0.99,Japanese · none · $2.5,2026-09-07T06:14:50.793Z
rec_635,conv_635,m_13,2,0.99,African · none · $3,2026-09-07T06:14:50.793Z
rec_635,conv_635,m_18,3,0.99,Mediterranean · chickpeas · $11.5,2026-09-07T06:14:50.793Z
rec_636,conv_636,m_10,1,0.99,African · chicken · $12,2026-10-04T06:23:34.369Z
rec_636,conv_636,m_27,2,0.99,Chinese · chicken · $12.5,2026-10-04T06:23:34.369Z
rec_636,conv_636,m_22,3,0.99,Mexican · chicken · $12.5,2026-10-04T06:23:34.369Z
rec_637,conv_637,m_10,1,0.99,African · chicken · $12,2026-09-25T05:54:08.695Z
rec_637,conv_637,m_27,2,0.99,Chinese · chicken · $12.5,2026-09-25T05:54:08.695Z
rec_637,conv_637,m_22,3,0.99,Mexican · chicken · $12.5,2026-09-25T05:54:08.695Z
rec_638,conv_638,m_10,1,0.99,African · chicken · $12,2026-09-16T05:52:40.747Z
rec_638,conv_638,m_27,2,0.99,Chinese · chicken · $12.5,2026-09-16T05:52:40.747Z
rec_638,conv_638,m_22,3,0.99,Mexican · chicken · $12.5,2026-09-16T05:52:40.747Z
rec_639,conv_639,m_10,1,0.99,African · chicken · $12,2026-09-07T06:46:55.698Z
rec_639,conv_639,m_27,2,0.99,Chinese · chicken · $12.5,2026-09-07T06:46:55.698Z
rec_639,conv_639,m_22,3,0.99,Mexican · chicken · $12.5,2026-09-07T06:46:55.698Z
rec_640,conv_640,m_13,1,0.99,African · none · $3,2026-10-04T06:21:14.320Z
rec_640,conv_640,m_24,2,0.99,Mexican · none · $3,2026-10-04T06:21:14.320Z
rec_640,conv_640,m_23,3,0.99,Mexican · black beans · $11,2026-10-04T06:21:14.320Z
rec_641,conv_641,m_13,1,0.99,African · none · $3,2026-09-25T05:56:11.867Z
rec_641,conv_641,m_24,2,0.99,Mexican · none · $3,2026-09-25T05:56:11.867Z
rec_641,conv_641,m_23,3,0.99,Mexican · black beans · $11,2026-09-25T05:56:11.867Z
rec_642,conv_642,m_11,1,0.99,African · beef · $13.5,2026-10-04T06:19:04.702Z
rec_642,conv_642,m_01,2,0.99,Thai · chicken · $13,2026-10-04T06:19:04.702Z
rec_642,conv_642,m_29,3,0.99,Malaysian · beef · $13,2026-10-04T06:19:04.702Z
rec_643,conv_643,m_11,1,0.99,African · beef · $13.5,2026-09-25T06:36:04.858Z
rec_643,conv_643,m_01,2,0.99,Thai · chicken · $13,2026-09-25T06:36:04.858Z
rec_643,conv_643,m_29,3,0.99,Malaysian · beef · $13,2026-09-25T06:36:04.858Z
rec_644,conv_644,m_11,1,0.99,African · beef · $13.5,2026-09-16T05:57:05.450Z
rec_644,conv_644,m_01,2,0.99,Thai · chicken · $13,2026-09-16T05:57:05.450Z
rec_644,conv_644,m_29,3,0.99,Malaysian · beef · $13,2026-09-16T05:57:05.450Z
rec_645,conv_645,m_11,1,0.99,African · beef · $13.5,2026-09-07T06:31:06.318Z
rec_645,conv_645,m_01,2,0.99,Thai · chicken · $13,2026-09-07T06:31:06.318Z
rec_645,conv_645,m_29,3,0.99,Malaysian · beef · $13,2026-09-07T06:31:06.318Z
rec_646,conv_646,m_28,1,0.99,Malaysian · chicken · $12,2026-10-04T05:56:23.640Z
rec_646,conv_646,m_19,2,0.99,Mediterranean · chicken · $12,2026-10-04T05:56:23.640Z
rec_646,conv_646,m_05,3,0.99,Indian · chicken · $12,2026-10-04T05:56:23.640Z
rec_647,conv_647,m_28,1,0.99,Malaysian · chicken · $12,2026-09-25T05:56:48.850Z
rec_647,conv_647,m_19,2,0.99,Mediterranean · chicken · $12,2026-09-25T05:56:48.850Z
rec_647,conv_647,m_05,3,0.99,Indian · chicken · $12,2026-09-25T05:56:48.850Z
rec_648,conv_648,m_28,1,0.99,Malaysian · chicken · $12,2026-09-16T05:55:26.951Z
rec_648,conv_648,m_19,2,0.99,Mediterranean · chicken · $12,2026-09-16T05:55:26.951Z
rec_648,conv_648,m_05,3,0.99,Indian · chicken · $12,2026-09-16T05:55:26.951Z
rec_649,conv_649,m_28,1,0.99,Malaysian · chicken · $12,2026-09-07T06:14:47.515Z
rec_649,conv_649,m_19,2,0.99,Mediterranean · chicken · $12,2026-09-07T06:14:47.515Z
rec_649,conv_649,m_05,3,0.99,Indian · chicken · $12,2026-09-07T06:14:47.515Z
rec_650,conv_650,m_11,1,0.99,African · beef · $13.5,2026-10-04T06:47:34.223Z
rec_650,conv_650,m_22,2,0.99,Mexican · chicken · $12.5,2026-10-04T06:47:34.223Z
rec_650,conv_650,m_28,3,0.99,Malaysian · chicken · $12,2026-10-04T06:47:34.223Z
rec_651,conv_651,m_11,1,0.99,African · beef · $13.5,2026-09-25T06:20:00.759Z
rec_651,conv_651,m_22,2,0.99,Mexican · chicken · $12.5,2026-09-25T06:20:00.759Z
rec_651,conv_651,m_28,3,0.99,Malaysian · chicken · $12,2026-09-25T06:20:00.759Z
rec_652,conv_652,m_11,1,0.99,African · beef · $13.5,2026-09-16T06:18:05.608Z
rec_652,conv_652,m_22,2,0.99,Mexican · chicken · $12.5,2026-09-16T06:18:05.608Z
rec_652,conv_652,m_28,3,0.99,Malaysian · chicken · $12,2026-09-16T06:18:05.608Z
rec_653,conv_653,m_11,1,0.99,African · beef · $13.5,2026-09-07T05:52:43.558Z
rec_653,conv_653,m_22,2,0.99,Mexican · chicken · $12.5,2026-09-07T05:52:43.558Z
rec_653,conv_653,m_28,3,0.99,Malaysian · chicken · $12,2026-09-07T05:52:43.558Z
rec_654,conv_654,m_11,1,0.99,African · beef · $13.5,2026-08-29T06:24:38.765Z
rec_654,conv_654,m_22,2,0.99,Mexican · chicken · $12.5,2026-08-29T06:24:38.765Z
rec_654,conv_654,m_28,3,0.99,Malaysian · chicken · $12,2026-08-29T06:24:38.765Z
rec_655,conv_655,m_23,1,0.99,Mexican · black beans · $11,2026-10-04T06:29:06.370Z
rec_655,conv_655,m_07,2,0.97,Indian · chickpeas · $11,2026-10-04T06:29:06.370Z
rec_655,conv_655,m_13,3,0.96,African · none · $3,2026-10-04T06:29:06.370Z
rec_656,conv_656,m_23,1,0.99,Mexican · black beans · $11,2026-09-25T06:21:23.763Z
rec_656,conv_656,m_07,2,0.97,Indian · chickpeas · $11,2026-09-25T06:21:23.763Z
rec_656,conv_656,m_13,3,0.96,African · none · $3,2026-09-25T06:21:23.763Z
rec_657,conv_657,m_28,1,0.99,Malaysian · chicken · $12,2026-10-04T06:41:15.668Z
rec_657,conv_657,m_23,2,0.99,Mexican · black beans · $11,2026-10-04T06:41:15.668Z
rec_657,conv_657,m_10,3,0.99,African · chicken · $12,2026-10-04T06:41:15.668Z
rec_658,conv_658,m_28,1,0.99,Malaysian · chicken · $12,2026-09-25T06:39:36.633Z
rec_658,conv_658,m_23,2,0.99,Mexican · black beans · $11,2026-09-25T06:39:36.633Z
rec_658,conv_658,m_10,3,0.99,African · chicken · $12,2026-09-25T06:39:36.633Z
rec_659,conv_659,m_28,1,0.99,Malaysian · chicken · $12,2026-09-16T06:12:12.816Z
rec_659,conv_659,m_23,2,0.99,Mexican · black beans · $11,2026-09-16T06:12:12.816Z
rec_659,conv_659,m_10,3,0.99,African · chicken · $12,2026-09-16T06:12:12.816Z
rec_660,conv_660,m_28,1,0.99,Malaysian · chicken · $12,2026-10-04T06:07:49.392Z
rec_660,conv_660,m_07,2,0.99,Indian · chickpeas · $11,2026-10-04T06:07:49.392Z
rec_660,conv_660,m_08,3,0.93,Indian · none · $4,2026-10-04T06:07:49.392Z
rec_661,conv_661,m_28,1,0.99,Malaysian · chicken · $12,2026-09-25T06:17:18.674Z
rec_661,conv_661,m_07,2,0.99,Indian · chickpeas · $11,2026-09-25T06:17:18.674Z
rec_661,conv_661,m_08,3,0.93,Indian · none · $4,2026-09-25T06:17:18.674Z
rec_662,conv_662,m_28,1,0.99,Malaysian · chicken · $12,2026-10-04T06:02:37.872Z
rec_662,conv_662,m_05,2,0.99,Indian · chicken · $12,2026-10-04T06:02:37.872Z
rec_662,conv_662,m_03,3,0.99,Thai · beef · $14.5,2026-10-04T06:02:37.872Z
rec_663,conv_663,m_28,1,0.99,Malaysian · chicken · $12,2026-09-25T06:07:18.954Z
rec_663,conv_663,m_05,2,0.99,Indian · chicken · $12,2026-09-25T06:07:18.954Z
rec_663,conv_663,m_03,3,0.99,Thai · beef · $14.5,2026-09-25T06:07:18.954Z
rec_664,conv_664,m_28,1,0.99,Malaysian · chicken · $12,2026-09-16T06:05:04.870Z
rec_664,conv_664,m_05,2,0.99,Indian · chicken · $12,2026-09-16T06:05:04.870Z
rec_664,conv_664,m_03,3,0.99,Thai · beef · $14.5,2026-09-16T06:05:04.870Z
rec_665,conv_665,m_28,1,0.99,Malaysian · chicken · $12,2026-09-07T05:50:46.671Z
rec_665,conv_665,m_05,2,0.99,Indian · chicken · $12,2026-09-07T05:50:46.671Z
rec_665,conv_665,m_03,3,0.99,Thai · beef · $14.5,2026-09-07T05:50:46.671Z
rec_666,conv_666,m_28,1,0.99,Malaysian · chicken · $12,2026-08-29T05:57:00.049Z
rec_666,conv_666,m_05,2,0.99,Indian · chicken · $12,2026-08-29T05:57:00.049Z
rec_666,conv_666,m_03,3,0.99,Thai · beef · $14.5,2026-08-29T05:57:00.049Z
rec_667,conv_667,m_28,1,0.99,Malaysian · chicken · $12,2026-08-20T06:49:08.808Z
rec_667,conv_667,m_05,2,0.99,Indian · chicken · $12,2026-08-20T06:49:08.808Z
rec_667,conv_667,m_03,3,0.99,Thai · beef · $14.5,2026-08-20T06:49:08.808Z
rec_668,conv_668,m_13,1,0.99,African · none · $3,2026-10-04T06:43:29.672Z
rec_668,conv_668,m_30,2,0.99,Chinese · tofu · $11,2026-10-04T06:43:29.672Z
rec_668,conv_668,m_16,3,0.99,Japanese · none · $2.5,2026-10-04T06:43:29.672Z
rec_669,conv_669,m_13,1,0.99,African · none · $3,2026-09-25T06:12:38.357Z
rec_669,conv_669,m_30,2,0.99,Chinese · tofu · $11,2026-09-25T06:12:38.357Z
rec_669,conv_669,m_16,3,0.99,Japanese · none · $2.5,2026-09-25T06:12:38.357Z
rec_670,conv_670,m_27,1,0.99,Chinese · chicken · $12.5,2026-10-04T06:08:00.838Z
rec_670,conv_670,m_01,2,0.99,Thai · chicken · $13,2026-10-04T06:08:00.838Z
rec_670,conv_670,m_03,3,0.99,Thai · beef · $14.5,2026-10-04T06:08:00.838Z
rec_671,conv_671,m_27,1,0.99,Chinese · chicken · $12.5,2026-09-25T06:33:09.782Z
rec_671,conv_671,m_01,2,0.99,Thai · chicken · $13,2026-09-25T06:33:09.782Z
rec_671,conv_671,m_03,3,0.99,Thai · beef · $14.5,2026-09-25T06:33:09.782Z
rec_672,conv_672,m_27,1,0.99,Chinese · chicken · $12.5,2026-09-16T06:02:07.379Z
rec_672,conv_672,m_01,2,0.99,Thai · chicken · $13,2026-09-16T06:02:07.379Z
rec_672,conv_672,m_03,3,0.99,Thai · beef · $14.5,2026-09-16T06:02:07.379Z
rec_673,conv_673,m_13,1,0.99,African · none · $3,2026-10-04T06:38:12.439Z
rec_673,conv_673,m_24,2,0.99,Mexican · none · $3,2026-10-04T06:38:12.439Z
rec_673,conv_673,m_12,3,0.99,African · none · $3.5,2026-10-04T06:38:12.439Z
rec_674,conv_674,m_11,1,0.99,African · beef · $13.5,2026-10-04T06:32:42.451Z
rec_674,conv_674,m_01,2,0.99,Thai · chicken · $13,2026-10-04T06:32:42.451Z
rec_674,conv_674,m_25,3,0.99,Korean · chicken · $13.5,2026-10-04T06:32:42.451Z
rec_675,conv_675,m_11,1,0.99,African · beef · $13.5,2026-09-25T06:32:37.976Z
rec_675,conv_675,m_01,2,0.99,Thai · chicken · $13,2026-09-25T06:32:37.976Z
rec_675,conv_675,m_25,3,0.99,Korean · chicken · $13.5,2026-09-25T06:32:37.976Z
rec_676,conv_676,m_11,1,0.99,African · beef · $13.5,2026-09-16T06:15:10.116Z
rec_676,conv_676,m_01,2,0.99,Thai · chicken · $13,2026-09-16T06:15:10.116Z
rec_676,conv_676,m_25,3,0.99,Korean · chicken · $13.5,2026-09-16T06:15:10.116Z
rec_677,conv_677,m_11,1,0.99,African · beef · $13.5,2026-09-07T05:55:15.348Z
rec_677,conv_677,m_01,2,0.99,Thai · chicken · $13,2026-09-07T05:55:15.348Z
rec_677,conv_677,m_25,3,0.99,Korean · chicken · $13.5,2026-09-07T05:55:15.348Z
rec_678,conv_678,m_19,1,0.99,Mediterranean · chicken · $12,2026-10-04T06:46:43.474Z
rec_678,conv_678,m_10,2,0.99,African · chicken · $12,2026-10-04T06:46:43.474Z
rec_678,conv_678,m_21,3,0.99,Italian · chicken · $13,2026-10-04T06:46:43.474Z
rec_679,conv_679,m_19,1,0.99,Mediterranean · chicken · $12,2026-09-25T06:40:45.898Z
rec_679,conv_679,m_10,2,0.99,African · chicken · $12,2026-09-25T06:40:45.898Z
rec_679,conv_679,m_21,3,0.99,Italian · chicken · $13,2026-09-25T06:40:45.898Z
rec_680,conv_680,m_19,1,0.99,Mediterranean · chicken · $12,2026-09-16T06:22:28.128Z
rec_680,conv_680,m_10,2,0.99,African · chicken · $12,2026-09-16T06:22:28.128Z
rec_680,conv_680,m_21,3,0.99,Italian · chicken · $13,2026-09-16T06:22:28.128Z
rec_681,conv_681,m_19,1,0.99,Mediterranean · chicken · $12,2026-09-07T06:32:56.962Z
rec_681,conv_681,m_10,2,0.99,African · chicken · $12,2026-09-07T06:32:56.962Z
rec_681,conv_681,m_21,3,0.99,Italian · chicken · $13,2026-09-07T06:32:56.962Z
rec_682,conv_682,m_05,1,0.99,Indian · chicken · $12,2026-10-04T06:37:05.239Z
rec_682,conv_682,m_22,2,0.99,Mexican · chicken · $12.5,2026-10-04T06:37:05.239Z
rec_682,conv_682,m_01,3,0.99,Thai · chicken · $13,2026-10-04T06:37:05.239Z
rec_683,conv_683,m_05,1,0.99,Indian · chicken · $12,2026-09-25T06:04:18.856Z
rec_683,conv_683,m_22,2,0.99,Mexican · chicken · $12.5,2026-09-25T06:04:18.856Z
rec_683,conv_683,m_01,3,0.99,Thai · chicken · $13,2026-09-25T06:04:18.856Z
rec_684,conv_684,m_05,1,0.99,Indian · chicken · $12,2026-09-16T06:01:36.355Z
rec_684,conv_684,m_22,2,0.99,Mexican · chicken · $12.5,2026-09-16T06:01:36.355Z
rec_684,conv_684,m_01,3,0.99,Thai · chicken · $13,2026-09-16T06:01:36.355Z
rec_685,conv_685,m_05,1,0.99,Indian · chicken · $12,2026-09-07T06:15:02.855Z
rec_685,conv_685,m_22,2,0.99,Mexican · chicken · $12.5,2026-09-07T06:15:02.855Z
rec_685,conv_685,m_01,3,0.99,Thai · chicken · $13,2026-09-07T06:15:02.855Z
rec_686,conv_686,m_28,1,0.99,Malaysian · chicken · $12,2026-10-04T06:22:16.010Z
rec_686,conv_686,m_05,2,0.99,Indian · chicken · $12,2026-10-04T06:22:16.010Z
rec_686,conv_686,m_10,3,0.99,African · chicken · $12,2026-10-04T06:22:16.010Z
rec_687,conv_687,m_28,1,0.99,Malaysian · chicken · $12,2026-09-25T06:48:23.032Z
rec_687,conv_687,m_05,2,0.99,Indian · chicken · $12,2026-09-25T06:48:23.032Z
rec_687,conv_687,m_10,3,0.99,African · chicken · $12,2026-09-25T06:48:23.032Z
rec_688,conv_688,m_28,1,0.99,Malaysian · chicken · $12,2026-09-16T06:19:03.818Z
rec_688,conv_688,m_05,2,0.99,Indian · chicken · $12,2026-09-16T06:19:03.818Z
rec_688,conv_688,m_10,3,0.99,African · chicken · $12,2026-09-16T06:19:03.818Z
rec_689,conv_689,m_28,1,0.99,Malaysian · chicken · $12,2026-09-07T06:22:17.955Z
rec_689,conv_689,m_05,2,0.99,Indian · chicken · $12,2026-09-07T06:22:17.955Z
rec_689,conv_689,m_10,3,0.99,African · chicken · $12,2026-09-07T06:22:17.955Z
rec_690,conv_690,m_07,1,0.99,Indian · chickpeas · $11,2026-10-04T06:12:12.211Z
rec_690,conv_690,m_08,2,0.99,Indian · none · $4,2026-10-04T06:12:12.211Z
rec_690,conv_690,m_16,3,0.99,Japanese · none · $2.5,2026-10-04T06:12:12.211Z
rec_691,conv_691,m_13,1,0.96,African · none · $3,2026-10-04T06:42:46.393Z
rec_691,conv_691,m_08,2,0.92,Indian · none · $4,2026-10-04T06:42:46.393Z
rec_691,conv_691,m_12,3,0.86,African · none · $3.5,2026-10-04T06:42:46.393Z
rec_692,conv_692,m_13,1,0.96,African · none · $3,2026-09-25T06:50:04.512Z
rec_692,conv_692,m_08,2,0.92,Indian · none · $4,2026-09-25T06:50:04.512Z
rec_692,conv_692,m_12,3,0.86,African · none · $3.5,2026-09-25T06:50:04.512Z
rec_693,conv_693,m_13,1,0.96,African · none · $3,2026-09-16T06:20:55.613Z
rec_693,conv_693,m_08,2,0.92,Indian · none · $4,2026-09-16T06:20:55.613Z
rec_693,conv_693,m_12,3,0.86,African · none · $3.5,2026-09-16T06:20:55.613Z
rec_694,conv_694,m_13,1,0.96,African · none · $3,2026-09-07T05:57:09.411Z
rec_694,conv_694,m_08,2,0.92,Indian · none · $4,2026-09-07T05:57:09.411Z
rec_694,conv_694,m_12,3,0.86,African · none · $3.5,2026-09-07T05:57:09.411Z
rec_695,conv_695,m_13,1,0.96,African · none · $3,2026-08-29T06:48:51.207Z
rec_695,conv_695,m_08,2,0.92,Indian · none · $4,2026-08-29T06:48:51.207Z
rec_695,conv_695,m_12,3,0.86,African · none · $3.5,2026-08-29T06:48:51.207Z
rec_696,conv_696,m_01,1,0.99,Thai · chicken · $13,2026-10-04T06:07:37.126Z
rec_696,conv_696,m_22,2,0.99,Mexican · chicken · $12.5,2026-10-04T06:07:37.126Z
rec_696,conv_696,m_29,3,0.99,Malaysian · beef · $13,2026-10-04T06:07:37.126Z
rec_697,conv_697,m_01,1,0.99,Thai · chicken · $13,2026-09-25T06:19:13.217Z
rec_697,conv_697,m_22,2,0.99,Mexican · chicken · $12.5,2026-09-25T06:19:13.217Z
rec_697,conv_697,m_29,3,0.99,Malaysian · beef · $13,2026-09-25T06:19:13.217Z
rec_698,conv_698,m_13,1,0.99,African · none · $3,2026-10-04T06:19:25.265Z
rec_698,conv_698,m_23,2,0.99,Mexican · black beans · $11,2026-10-04T06:19:25.265Z
rec_698,conv_698,m_24,3,0.99,Mexican · none · $3,2026-10-04T06:19:25.265Z
rec_699,conv_699,m_13,1,0.99,African · none · $3,2026-09-25T06:33:35.529Z
rec_699,conv_699,m_23,2,0.99,Mexican · black beans · $11,2026-09-25T06:33:35.529Z
rec_699,conv_699,m_24,3,0.99,Mexican · none · $3,2026-09-25T06:33:35.529Z
rec_700,conv_700,m_13,1,0.99,African · none · $3,2026-09-16T05:58:04.197Z
rec_700,conv_700,m_23,2,0.99,Mexican · black beans · $11,2026-09-16T05:58:04.197Z
rec_700,conv_700,m_24,3,0.99,Mexican · none · $3,2026-09-16T05:58:04.197Z
rec_701,conv_701,m_13,1,0.99,African · none · $3,2026-09-07T06:10:07.216Z
rec_701,conv_701,m_23,2,0.99,Mexican · black beans · $11,2026-09-07T06:10:07.216Z
rec_701,conv_701,m_24,3,0.99,Mexican · none · $3,2026-09-07T06:10:07.216Z
rec_702,conv_702,m_13,1,0.99,African · none · $3,2026-08-29T06:49:13.701Z
rec_702,conv_702,m_23,2,0.99,Mexican · black beans · $11,2026-08-29T06:49:13.701Z
rec_702,conv_702,m_24,3,0.99,Mexican · none · $3,2026-08-29T06:49:13.701Z
rec_703,conv_703,m_27,1,0.99,Chinese · chicken · $12.5,2026-10-04T06:24:32.496Z
rec_703,conv_703,m_01,2,0.99,Thai · chicken · $13,2026-10-04T06:24:32.496Z
rec_703,conv_703,m_11,3,0.99,African · beef · $13.5,2026-10-04T06:24:32.496Z
rec_704,conv_704,m_27,1,0.99,Chinese · chicken · $12.5,2026-09-25T06:15:43.779Z
rec_704,conv_704,m_01,2,0.99,Thai · chicken · $13,2026-09-25T06:15:43.779Z
rec_704,conv_704,m_11,3,0.99,African · beef · $13.5,2026-09-25T06:15:43.779Z
rec_705,conv_705,m_27,1,0.99,Chinese · chicken · $12.5,2026-09-16T06:20:11.835Z
rec_705,conv_705,m_01,2,0.99,Thai · chicken · $13,2026-09-16T06:20:11.835Z
rec_705,conv_705,m_11,3,0.99,African · beef · $13.5,2026-09-16T06:20:11.835Z
rec_706,conv_706,m_27,1,0.99,Chinese · chicken · $12.5,2026-09-07T06:18:23.940Z
rec_706,conv_706,m_01,2,0.99,Thai · chicken · $13,2026-09-07T06:18:23.940Z
rec_706,conv_706,m_11,3,0.99,African · beef · $13.5,2026-09-07T06:18:23.940Z
rec_707,conv_707,m_23,1,0.99,Mexican · black beans · $11,2026-10-04T06:46:47.704Z
rec_707,conv_707,m_02,2,0.99,Thai · tofu · $12.5,2026-10-04T06:46:47.704Z
rec_707,conv_707,m_13,3,0.99,African · none · $3,2026-10-04T06:46:47.704Z
rec_708,conv_708,m_23,1,0.99,Mexican · black beans · $11,2026-09-25T06:17:03.592Z
rec_708,conv_708,m_02,2,0.99,Thai · tofu · $12.5,2026-09-25T06:17:03.592Z
rec_708,conv_708,m_13,3,0.99,African · none · $3,2026-09-25T06:17:03.592Z
rec_709,conv_709,m_11,1,0.99,African · beef · $13.5,2026-10-04T06:12:23.987Z
rec_709,conv_709,m_05,2,0.99,Indian · chicken · $12,2026-10-04T06:12:23.987Z
rec_709,conv_709,m_25,3,0.99,Korean · chicken · $13.5,2026-10-04T06:12:23.987Z
rec_710,conv_710,m_11,1,0.99,African · beef · $13.5,2026-09-25T06:09:42.795Z
rec_710,conv_710,m_05,2,0.99,Indian · chicken · $12,2026-09-25T06:09:42.795Z
rec_710,conv_710,m_25,3,0.99,Korean · chicken · $13.5,2026-09-25T06:09:42.795Z
rec_711,conv_711,m_11,1,0.99,African · beef · $13.5,2026-09-16T06:44:57.613Z
rec_711,conv_711,m_05,2,0.99,Indian · chicken · $12,2026-09-16T06:44:57.613Z
rec_711,conv_711,m_25,3,0.99,Korean · chicken · $13.5,2026-09-16T06:44:57.613Z
rec_712,conv_712,m_11,1,0.99,African · beef · $13.5,2026-09-07T06:31:45.759Z
rec_712,conv_712,m_05,2,0.99,Indian · chicken · $12,2026-09-07T06:31:45.759Z
rec_712,conv_712,m_25,3,0.99,Korean · chicken · $13.5,2026-09-07T06:31:45.759Z
rec_713,conv_713,m_28,1,0.99,Malaysian · chicken · $12,2026-10-04T06:39:17.439Z
rec_713,conv_713,m_10,2,0.99,African · chicken · $12,2026-10-04T06:39:17.439Z
rec_713,conv_713,m_05,3,0.99,Indian · chicken · $12,2026-10-04T06:39:17.439Z
rec_714,conv_714,m_28,1,0.99,Malaysian · chicken · $12,2026-09-25T06:30:56.332Z
rec_714,conv_714,m_10,2,0.99,African · chicken · $12,2026-09-25T06:30:56.332Z
rec_714,conv_714,m_05,3,0.99,Indian · chicken · $12,2026-09-25T06:30:56.332Z
rec_715,conv_715,m_28,1,0.99,Malaysian · chicken · $12,2026-09-16T06:40:51.931Z
rec_715,conv_715,m_10,2,0.99,African · chicken · $12,2026-09-16T06:40:51.931Z
rec_715,conv_715,m_05,3,0.99,Indian · chicken · $12,2026-09-16T06:40:51.931Z
rec_716,conv_716,m_11,1,0.99,African · beef · $13.5,2026-10-04T06:28:36.297Z
rec_716,conv_716,m_22,2,0.99,Mexican · chicken · $12.5,2026-10-04T06:28:36.297Z
rec_716,conv_716,m_25,3,0.99,Korean · chicken · $13.5,2026-10-04T06:28:36.297Z
rec_717,conv_717,m_11,1,0.99,African · beef · $13.5,2026-09-25T06:00:02.764Z
rec_717,conv_717,m_22,2,0.99,Mexican · chicken · $12.5,2026-09-25T06:00:02.764Z
rec_717,conv_717,m_25,3,0.99,Korean · chicken · $13.5,2026-09-25T06:00:02.764Z
rec_718,conv_718,m_24,1,0.91,Mexican · none · $3,2026-10-04T05:54:39.353Z
rec_718,conv_718,m_16,2,0.91,Japanese · none · $2.5,2026-10-04T05:54:39.353Z
rec_718,conv_718,m_08,3,0.87,Indian · none · $4,2026-10-04T05:54:39.353Z
rec_719,conv_719,m_24,1,0.91,Mexican · none · $3,2026-09-25T06:10:41.362Z
rec_719,conv_719,m_16,2,0.91,Japanese · none · $2.5,2026-09-25T06:10:41.362Z
rec_719,conv_719,m_08,3,0.87,Indian · none · $4,2026-09-25T06:10:41.362Z
rec_720,conv_720,m_24,1,0.91,Mexican · none · $3,2026-09-16T06:28:20.077Z
rec_720,conv_720,m_16,2,0.91,Japanese · none · $2.5,2026-09-16T06:28:20.077Z
rec_720,conv_720,m_08,3,0.87,Indian · none · $4,2026-09-16T06:28:20.077Z
rec_721,conv_721,m_24,1,0.91,Mexican · none · $3,2026-09-07T06:06:33.159Z
rec_721,conv_721,m_16,2,0.91,Japanese · none · $2.5,2026-09-07T06:06:33.159Z
rec_721,conv_721,m_08,3,0.87,Indian · none · $4,2026-09-07T06:06:33.159Z
rec_722,conv_722,m_10,1,0.99,African · chicken · $12,2026-10-04T06:42:18.734Z
rec_722,conv_722,m_22,2,0.99,Mexican · chicken · $12.5,2026-10-04T06:42:18.734Z
rec_722,conv_722,m_01,3,0.99,Thai · chicken · $13,2026-10-04T06:42:18.734Z
rec_723,conv_723,m_22,1,0.99,Mexican · chicken · $12.5,2026-10-04T06:14:05.502Z
rec_723,conv_723,m_05,2,0.99,Indian · chicken · $12,2026-10-04T06:14:05.502Z
rec_723,conv_723,m_10,3,0.99,African · chicken · $12,2026-10-04T06:14:05.502Z
rec_724,conv_724,m_22,1,0.99,Mexican · chicken · $12.5,2026-09-25T06:15:30.989Z
rec_724,conv_724,m_05,2,0.99,Indian · chicken · $12,2026-09-25T06:15:30.989Z
rec_724,conv_724,m_10,3,0.99,African · chicken · $12,2026-09-25T06:15:30.989Z
rec_725,conv_725,m_22,1,0.99,Mexican · chicken · $12.5,2026-09-16T06:05:26.761Z
rec_725,conv_725,m_05,2,0.99,Indian · chicken · $12,2026-09-16T06:05:26.761Z
rec_725,conv_725,m_10,3,0.99,African · chicken · $12,2026-09-16T06:05:26.761Z
rec_726,conv_726,m_22,1,0.99,Mexican · chicken · $12.5,2026-09-07T06:18:32.747Z
rec_726,conv_726,m_05,2,0.99,Indian · chicken · $12,2026-09-07T06:18:32.747Z
rec_726,conv_726,m_10,3,0.99,African · chicken · $12,2026-09-07T06:18:32.747Z
rec_727,conv_727,m_11,1,0.99,African · beef · $13.5,2026-10-04T06:15:51.517Z
rec_727,conv_727,m_01,2,0.99,Thai · chicken · $13,2026-10-04T06:15:51.517Z
rec_727,conv_727,m_29,3,0.99,Malaysian · beef · $13,2026-10-04T06:15:51.517Z
rec_728,conv_728,m_11,1,0.99,African · beef · $13.5,2026-09-25T06:42:13.589Z
rec_728,conv_728,m_01,2,0.99,Thai · chicken · $13,2026-09-25T06:42:13.589Z
rec_728,conv_728,m_29,3,0.99,Malaysian · beef · $13,2026-09-25T06:42:13.589Z
rec_729,conv_729,m_07,1,0.99,Indian · chickpeas · $11,2026-10-04T06:13:50.988Z
rec_729,conv_729,m_13,2,0.99,African · none · $3,2026-10-04T06:13:50.988Z
rec_729,conv_729,m_24,3,0.99,Mexican · none · $3,2026-10-04T06:13:50.988Z
rec_730,conv_730,m_07,1,0.99,Indian · chickpeas · $11,2026-09-25T06:04:26.305Z
rec_730,conv_730,m_13,2,0.99,African · none · $3,2026-09-25T06:04:26.305Z
rec_730,conv_730,m_24,3,0.99,Mexican · none · $3,2026-09-25T06:04:26.305Z
rec_731,conv_731,m_07,1,0.99,Indian · chickpeas · $11,2026-09-16T06:15:54.619Z
rec_731,conv_731,m_13,2,0.99,African · none · $3,2026-09-16T06:15:54.619Z
rec_731,conv_731,m_24,3,0.99,Mexican · none · $3,2026-09-16T06:15:54.619Z
rec_732,conv_732,m_07,1,0.99,Indian · chickpeas · $11,2026-09-07T06:26:58.102Z
rec_732,conv_732,m_13,2,0.99,African · none · $3,2026-09-07T06:26:58.102Z
rec_732,conv_732,m_24,3,0.99,Mexican · none · $3,2026-09-07T06:26:58.102Z
rec_733,conv_733,m_01,1,0.99,Thai · chicken · $13,2026-10-04T06:02:26.626Z
rec_733,conv_733,m_10,2,0.99,African · chicken · $12,2026-10-04T06:02:26.626Z
rec_733,conv_733,m_27,3,0.99,Chinese · chicken · $12.5,2026-10-04T06:02:26.626Z
rec_734,conv_734,m_01,1,0.99,Thai · chicken · $13,2026-09-25T06:39:53.130Z
rec_734,conv_734,m_10,2,0.99,African · chicken · $12,2026-09-25T06:39:53.130Z
rec_734,conv_734,m_27,3,0.99,Chinese · chicken · $12.5,2026-09-25T06:39:53.130Z
rec_735,conv_735,m_01,1,0.99,Thai · chicken · $13,2026-09-16T06:19:31.483Z
rec_735,conv_735,m_10,2,0.99,African · chicken · $12,2026-09-16T06:19:31.483Z
rec_735,conv_735,m_27,3,0.99,Chinese · chicken · $12.5,2026-09-16T06:19:31.483Z
rec_736,conv_736,m_01,1,0.99,Thai · chicken · $13,2026-09-07T06:18:09.361Z
rec_736,conv_736,m_10,2,0.99,African · chicken · $12,2026-09-07T06:18:09.361Z
rec_736,conv_736,m_27,3,0.99,Chinese · chicken · $12.5,2026-09-07T06:18:09.361Z
rec_737,conv_737,m_01,1,0.99,Thai · chicken · $13,2026-08-29T06:23:24.977Z
rec_737,conv_737,m_10,2,0.99,African · chicken · $12,2026-08-29T06:23:24.977Z
rec_737,conv_737,m_27,3,0.99,Chinese · chicken · $12.5,2026-08-29T06:23:24.977Z
rec_738,conv_738,m_01,1,0.99,Thai · chicken · $13,2026-08-20T06:02:28.806Z
rec_738,conv_738,m_10,2,0.99,African · chicken · $12,2026-08-20T06:02:28.806Z
rec_738,conv_738,m_27,3,0.99,Chinese · chicken · $12.5,2026-08-20T06:02:28.806Z
rec_739,conv_739,m_24,1,0.99,Mexican · none · $3,2026-10-04T06:25:30.390Z
rec_739,conv_739,m_16,2,0.99,Japanese · none · $2.5,2026-10-04T06:25:30.390Z
rec_739,conv_739,m_13,3,0.99,African · none · $3,2026-10-04T06:25:30.390Z
rec_740,conv_740,m_24,1,0.99,Mexican · none · $3,2026-09-25T06:32:53.993Z
rec_740,conv_740,m_16,2,0.99,Japanese · none · $2.5,2026-09-25T06:32:53.993Z
rec_740,conv_740,m_13,3,0.99,African · none · $3,2026-09-25T06:32:53.993Z
rec_741,conv_741,m_24,1,0.99,Mexican · none · $3,2026-09-16T06:47:16.067Z
rec_741,conv_741,m_16,2,0.99,Japanese · none · $2.5,2026-09-16T06:47:16.067Z
rec_741,conv_741,m_13,3,0.99,African · none · $3,2026-09-16T06:47:16.067Z
rec_742,conv_742,m_24,1,0.99,Mexican · none · $3,2026-09-07T06:28:28.667Z
rec_742,conv_742,m_16,2,0.99,Japanese · none · $2.5,2026-09-07T06:28:28.667Z
rec_742,conv_742,m_13,3,0.99,African · none · $3,2026-09-07T06:28:28.667Z
rec_743,conv_743,m_22,1,0.99,Mexican · chicken · $12.5,2026-10-04T06:48:02.520Z
rec_743,conv_743,m_11,2,0.99,African · beef · $13.5,2026-10-04T06:48:02.520Z
rec_743,conv_743,m_03,3,0.99,Thai · beef · $14.5,2026-10-04T06:48:02.520Z
rec_744,conv_744,m_22,1,0.99,Mexican · chicken · $12.5,2026-09-25T05:52:01.778Z
rec_744,conv_744,m_11,2,0.99,African · beef · $13.5,2026-09-25T05:52:01.778Z
rec_744,conv_744,m_03,3,0.99,Thai · beef · $14.5,2026-09-25T05:52:01.778Z
rec_745,conv_745,m_22,1,0.99,Mexican · chicken · $12.5,2026-09-16T06:29:43.086Z
rec_745,conv_745,m_11,2,0.99,African · beef · $13.5,2026-09-16T06:29:43.086Z
rec_745,conv_745,m_03,3,0.99,Thai · beef · $14.5,2026-09-16T06:29:43.086Z
rec_746,conv_746,m_22,1,0.99,Mexican · chicken · $12.5,2026-09-07T06:32:57.683Z
rec_746,conv_746,m_11,2,0.99,African · beef · $13.5,2026-09-07T06:32:57.683Z
rec_746,conv_746,m_03,3,0.99,Thai · beef · $14.5,2026-09-07T06:32:57.683Z
rec_747,conv_747,m_05,1,0.99,Indian · chicken · $12,2026-10-04T06:48:18.407Z
rec_747,conv_747,m_10,2,0.99,African · chicken · $12,2026-10-04T06:48:18.407Z
rec_747,conv_747,m_28,3,0.99,Malaysian · chicken · $12,2026-10-04T06:48:18.407Z
rec_748,conv_748,m_05,1,0.99,Indian · chicken · $12,2026-09-25T06:06:54.429Z
rec_748,conv_748,m_10,2,0.99,African · chicken · $12,2026-09-25T06:06:54.429Z
rec_748,conv_748,m_28,3,0.99,Malaysian · chicken · $12,2026-09-25T06:06:54.429Z
rec_749,conv_749,m_10,1,0.99,African · chicken · $12,2026-10-04T06:42:41.100Z
rec_749,conv_749,m_26,2,0.99,Korean · beef · $14,2026-10-04T06:42:41.100Z
rec_749,conv_749,m_29,3,0.99,Malaysian · beef · $13,2026-10-04T06:42:41.100Z
rec_750,conv_750,m_10,1,0.99,African · chicken · $12,2026-09-25T06:38:05.486Z
rec_750,conv_750,m_26,2,0.99,Korean · beef · $14,2026-09-25T06:38:05.486Z
rec_750,conv_750,m_29,3,0.99,Malaysian · beef · $13,2026-09-25T06:38:05.486Z
rec_751,conv_751,m_10,1,0.99,African · chicken · $12,2026-09-16T06:39:18.256Z
rec_751,conv_751,m_26,2,0.99,Korean · beef · $14,2026-09-16T06:39:18.256Z
rec_751,conv_751,m_29,3,0.99,Malaysian · beef · $13,2026-09-16T06:39:18.256Z
rec_752,conv_752,m_10,1,0.99,African · chicken · $12,2026-09-07T06:08:07.964Z
rec_752,conv_752,m_26,2,0.99,Korean · beef · $14,2026-09-07T06:08:07.964Z
rec_752,conv_752,m_29,3,0.99,Malaysian · beef · $13,2026-09-07T06:08:07.964Z
rec_753,conv_753,m_07,1,0.99,Indian · chickpeas · $11,2026-10-04T06:39:35.394Z
rec_753,conv_753,m_24,2,0.91,Mexican · none · $3,2026-10-04T06:39:35.394Z
rec_753,conv_753,m_23,3,0.91,Mexican · black beans · $11,2026-10-04T06:39:35.394Z
rec_754,conv_754,m_07,1,0.99,Indian · chickpeas · $11,2026-09-25T06:30:02.016Z
rec_754,conv_754,m_24,2,0.91,Mexican · none · $3,2026-09-25T06:30:02.016Z
rec_754,conv_754,m_23,3,0.91,Mexican · black beans · $11,2026-09-25T06:30:02.016Z
rec_755,conv_755,m_07,1,0.99,Indian · chickpeas · $11,2026-09-16T06:27:08.984Z
rec_755,conv_755,m_24,2,0.91,Mexican · none · $3,2026-09-16T06:27:08.984Z
rec_755,conv_755,m_23,3,0.91,Mexican · black beans · $11,2026-09-16T06:27:08.984Z
rec_756,conv_756,m_07,1,0.99,Indian · chickpeas · $11,2026-09-07T06:08:38.382Z
rec_756,conv_756,m_24,2,0.91,Mexican · none · $3,2026-09-07T06:08:38.382Z
rec_756,conv_756,m_23,3,0.91,Mexican · black beans · $11,2026-09-07T06:08:38.382Z
rec_757,conv_757,m_07,1,0.99,Indian · chickpeas · $11,2026-08-29T05:57:13.986Z
rec_757,conv_757,m_24,2,0.91,Mexican · none · $3,2026-08-29T05:57:13.986Z
rec_757,conv_757,m_23,3,0.91,Mexican · black beans · $11,2026-08-29T05:57:13.986Z
rec_758,conv_758,m_07,1,0.99,Indian · chickpeas · $11,2026-08-20T06:05:48.346Z
rec_758,conv_758,m_24,2,0.91,Mexican · none · $3,2026-08-20T06:05:48.346Z
rec_758,conv_758,m_23,3,0.91,Mexican · black beans · $11,2026-08-20T06:05:48.346Z
rec_759,conv_759,m_10,1,0.99,African · chicken · $12,2026-10-04T05:56:20.479Z
rec_759,conv_759,m_25,2,0.99,Korean · chicken · $13.5,2026-10-04T05:56:20.479Z
rec_759,conv_759,m_28,3,0.99,Malaysian · chicken · $12,2026-10-04T05:56:20.479Z
rec_760,conv_760,m_05,1,0.99,Indian · chicken · $12,2026-10-04T06:04:15.085Z
rec_760,conv_760,m_22,2,0.99,Mexican · chicken · $12.5,2026-10-04T06:04:15.085Z
rec_760,conv_760,m_10,3,0.99,African · chicken · $12,2026-10-04T06:04:15.085Z
rec_761,conv_761,m_05,1,0.99,Indian · chicken · $12,2026-09-25T06:02:25.594Z
rec_761,conv_761,m_22,2,0.99,Mexican · chicken · $12.5,2026-09-25T06:02:25.594Z
rec_761,conv_761,m_10,3,0.99,African · chicken · $12,2026-09-25T06:02:25.594Z
rec_762,conv_762,m_05,1,0.99,Indian · chicken · $12,2026-09-16T05:52:46.992Z
rec_762,conv_762,m_22,2,0.99,Mexican · chicken · $12.5,2026-09-16T05:52:46.992Z
rec_762,conv_762,m_10,3,0.99,African · chicken · $12,2026-09-16T05:52:46.992Z
rec_763,conv_763,m_05,1,0.99,Indian · chicken · $12,2026-09-07T06:42:48.134Z
rec_763,conv_763,m_22,2,0.99,Mexican · chicken · $12.5,2026-09-07T06:42:48.134Z
rec_763,conv_763,m_10,3,0.99,African · chicken · $12,2026-09-07T06:42:48.134Z
rec_764,conv_764,m_10,1,0.99,African · chicken · $12,2026-10-04T06:26:54.168Z
rec_764,conv_764,m_22,2,0.99,Mexican · chicken · $12.5,2026-10-04T06:26:54.168Z
rec_764,conv_764,m_01,3,0.99,Thai · chicken · $13,2026-10-04T06:26:54.168Z
rec_765,conv_765,m_10,1,0.99,African · chicken · $12,2026-09-25T06:29:48.104Z
rec_765,conv_765,m_22,2,0.99,Mexican · chicken · $12.5,2026-09-25T06:29:48.104Z
rec_765,conv_765,m_01,3,0.99,Thai · chicken · $13,2026-09-25T06:29:48.104Z
rec_766,conv_766,m_10,1,0.99,African · chicken · $12,2026-09-16T06:27:07.097Z
rec_766,conv_766,m_22,2,0.99,Mexican · chicken · $12.5,2026-09-16T06:27:07.097Z
rec_766,conv_766,m_01,3,0.99,Thai · chicken · $13,2026-09-16T06:27:07.097Z
rec_767,conv_767,m_10,1,0.99,African · chicken · $12,2026-09-07T06:15:34.225Z
rec_767,conv_767,m_22,2,0.99,Mexican · chicken · $12.5,2026-09-07T06:15:34.225Z
rec_767,conv_767,m_01,3,0.99,Thai · chicken · $13,2026-09-07T06:15:34.225Z
rec_768,conv_768,m_16,1,0.99,Japanese · none · $2.5,2026-10-04T06:34:13.701Z
rec_768,conv_768,m_18,2,0.99,Mediterranean · chickpeas · $11.5,2026-10-04T06:34:13.701Z
rec_768,conv_768,m_24,3,0.99,Mexican · none · $3,2026-10-04T06:34:13.701Z
rec_769,conv_769,m_16,1,0.99,Japanese · none · $2.5,2026-09-25T06:37:03.313Z
rec_769,conv_769,m_18,2,0.99,Mediterranean · chickpeas · $11.5,2026-09-25T06:37:03.313Z
rec_769,conv_769,m_24,3,0.99,Mexican · none · $3,2026-09-25T06:37:03.313Z
rec_770,conv_770,m_16,1,0.99,Japanese · none · $2.5,2026-09-16T06:13:37.668Z
rec_770,conv_770,m_18,2,0.99,Mediterranean · chickpeas · $11.5,2026-09-16T06:13:37.668Z
rec_770,conv_770,m_24,3,0.99,Mexican · none · $3,2026-09-16T06:13:37.668Z
rec_771,conv_771,m_27,1,0.99,Chinese · chicken · $12.5,2026-10-04T06:11:40.217Z
rec_771,conv_771,m_10,2,0.99,African · chicken · $12,2026-10-04T06:11:40.217Z
rec_771,conv_771,m_29,3,0.99,Malaysian · beef · $13,2026-10-04T06:11:40.217Z
rec_772,conv_772,m_27,1,0.99,Chinese · chicken · $12.5,2026-09-25T05:52:37.831Z
rec_772,conv_772,m_10,2,0.99,African · chicken · $12,2026-09-25T05:52:37.831Z
rec_772,conv_772,m_29,3,0.99,Malaysian · beef · $13,2026-09-25T05:52:37.831Z
rec_773,conv_773,m_27,1,0.99,Chinese · chicken · $12.5,2026-09-16T05:59:52.984Z
rec_773,conv_773,m_10,2,0.99,African · chicken · $12,2026-09-16T05:59:52.984Z
rec_773,conv_773,m_29,3,0.99,Malaysian · beef · $13,2026-09-16T05:59:52.984Z
rec_774,conv_774,m_27,1,0.99,Chinese · chicken · $12.5,2026-09-07T06:44:27.760Z
rec_774,conv_774,m_10,2,0.99,African · chicken · $12,2026-09-07T06:44:27.760Z
rec_774,conv_774,m_29,3,0.99,Malaysian · beef · $13,2026-09-07T06:44:27.760Z
rec_775,conv_775,m_27,1,0.99,Chinese · chicken · $12.5,2026-08-29T06:36:18.623Z
rec_775,conv_775,m_10,2,0.99,African · chicken · $12,2026-08-29T06:36:18.623Z
rec_775,conv_775,m_29,3,0.99,Malaysian · beef · $13,2026-08-29T06:36:18.623Z
rec_776,conv_776,m_27,1,0.99,Chinese · chicken · $12.5,2026-08-20T05:52:45.949Z
rec_776,conv_776,m_10,2,0.99,African · chicken · $12,2026-08-20T05:52:45.949Z
rec_776,conv_776,m_29,3,0.99,Malaysian · beef · $13,2026-08-20T05:52:45.949Z
rec_777,conv_777,m_24,1,0.99,Mexican · none · $3,2026-10-04T06:22:28.701Z
rec_777,conv_777,m_16,2,0.99,Japanese · none · $2.5,2026-10-04T06:22:28.701Z
rec_777,conv_777,m_09,3,0.99,Indian · none · $3.5,2026-10-04T06:22:28.701Z
rec_778,conv_778,m_24,1,0.99,Mexican · none · $3,2026-09-25T06:30:31.159Z
rec_778,conv_778,m_16,2,0.99,Japanese · none · $2.5,2026-09-25T06:30:31.159Z
rec_778,conv_778,m_09,3,0.99,Indian · none · $3.5,2026-09-25T06:30:31.159Z
rec_779,conv_779,m_24,1,0.99,Mexican · none · $3,2026-09-16T06:40:30.394Z
rec_779,conv_779,m_16,2,0.99,Japanese · none · $2.5,2026-09-16T06:40:30.394Z
rec_779,conv_779,m_09,3,0.99,Indian · none · $3.5,2026-09-16T06:40:30.394Z
rec_780,conv_780,m_24,1,0.99,Mexican · none · $3,2026-09-07T06:02:01.358Z
rec_780,conv_780,m_16,2,0.99,Japanese · none · $2.5,2026-09-07T06:02:01.358Z
rec_780,conv_780,m_09,3,0.99,Indian · none · $3.5,2026-09-07T06:02:01.358Z
rec_781,conv_781,m_07,1,0.99,Indian · chickpeas · $11,2026-10-04T06:41:43.132Z
rec_781,conv_781,m_25,2,0.99,Korean · chicken · $13.5,2026-10-04T06:41:43.132Z
rec_781,conv_781,m_01,3,0.99,Thai · chicken · $13,2026-10-04T06:41:43.132Z
rec_782,conv_782,m_07,1,0.99,Indian · chickpeas · $11,2026-09-25T06:19:15.405Z
rec_782,conv_782,m_25,2,0.99,Korean · chicken · $13.5,2026-09-25T06:19:15.405Z
rec_782,conv_782,m_01,3,0.99,Thai · chicken · $13,2026-09-25T06:19:15.405Z
rec_783,conv_783,m_07,1,0.99,Indian · chickpeas · $11,2026-09-16T06:21:34.103Z
rec_783,conv_783,m_25,2,0.99,Korean · chicken · $13.5,2026-09-16T06:21:34.103Z
rec_783,conv_783,m_01,3,0.99,Thai · chicken · $13,2026-09-16T06:21:34.103Z
rec_784,conv_784,m_07,1,0.99,Indian · chickpeas · $11,2026-09-07T06:20:36.699Z
rec_784,conv_784,m_25,2,0.99,Korean · chicken · $13.5,2026-09-07T06:20:36.699Z
rec_784,conv_784,m_01,3,0.99,Thai · chicken · $13,2026-09-07T06:20:36.699Z
rec_785,conv_785,m_28,1,0.97,Malaysian · chicken · $12,2026-10-04T06:43:59.080Z
rec_785,conv_785,m_19,2,0.97,Mediterranean · chicken · $12,2026-10-04T06:43:59.080Z
rec_785,conv_785,m_23,3,0.95,Mexican · black beans · $11,2026-10-04T06:43:59.080Z
rec_786,conv_786,m_28,1,0.97,Malaysian · chicken · $12,2026-09-25T06:18:37.166Z
rec_786,conv_786,m_19,2,0.97,Mediterranean · chicken · $12,2026-09-25T06:18:37.166Z
rec_786,conv_786,m_23,3,0.95,Mexican · black beans · $11,2026-09-25T06:18:37.166Z
rec_787,conv_787,m_28,1,0.97,Malaysian · chicken · $12,2026-09-16T06:45:14.261Z
rec_787,conv_787,m_19,2,0.97,Mediterranean · chicken · $12,2026-09-16T06:45:14.261Z
rec_787,conv_787,m_23,3,0.95,Mexican · black beans · $11,2026-09-16T06:45:14.261Z
rec_788,conv_788,m_28,1,0.97,Malaysian · chicken · $12,2026-09-07T06:31:51.239Z
rec_788,conv_788,m_19,2,0.97,Mediterranean · chicken · $12,2026-09-07T06:31:51.239Z
rec_788,conv_788,m_23,3,0.95,Mexican · black beans · $11,2026-09-07T06:31:51.239Z
rec_789,conv_789,m_28,1,0.97,Malaysian · chicken · $12,2026-08-29T06:25:35.860Z
rec_789,conv_789,m_19,2,0.97,Mediterranean · chicken · $12,2026-08-29T06:25:35.860Z
rec_789,conv_789,m_23,3,0.95,Mexican · black beans · $11,2026-08-29T06:25:35.860Z
rec_790,conv_790,m_28,1,0.97,Malaysian · chicken · $12,2026-08-20T06:25:24.318Z
rec_790,conv_790,m_19,2,0.97,Mediterranean · chicken · $12,2026-08-20T06:25:24.318Z
rec_790,conv_790,m_23,3,0.95,Mexican · black beans · $11,2026-08-20T06:25:24.318Z
rec_791,conv_791,m_22,1,0.99,Mexican · chicken · $12.5,2026-10-04T05:58:34.242Z
rec_791,conv_791,m_11,2,0.99,African · beef · $13.5,2026-10-04T05:58:34.242Z
rec_791,conv_791,m_29,3,0.99,Malaysian · beef · $13,2026-10-04T05:58:34.242Z
rec_792,conv_792,m_22,1,0.99,Mexican · chicken · $12.5,2026-09-25T05:56:12.429Z
rec_792,conv_792,m_11,2,0.99,African · beef · $13.5,2026-09-25T05:56:12.429Z
rec_792,conv_792,m_29,3,0.99,Malaysian · beef · $13,2026-09-25T05:56:12.429Z
rec_793,conv_793,m_22,1,0.99,Mexican · chicken · $12.5,2026-09-16T06:38:39.893Z
rec_793,conv_793,m_11,2,0.99,African · beef · $13.5,2026-09-16T06:38:39.893Z
rec_793,conv_793,m_29,3,0.99,Malaysian · beef · $13,2026-09-16T06:38:39.893Z
rec_794,conv_794,m_22,1,0.99,Mexican · chicken · $12.5,2026-09-07T06:05:57.678Z
rec_794,conv_794,m_11,2,0.99,African · beef · $13.5,2026-09-07T06:05:57.678Z
rec_794,conv_794,m_29,3,0.99,Malaysian · beef · $13,2026-09-07T06:05:57.678Z
rec_795,conv_795,m_22,1,0.99,Mexican · chicken · $12.5,2026-08-29T06:35:19.702Z
rec_795,conv_795,m_11,2,0.99,African · beef · $13.5,2026-08-29T06:35:19.702Z
rec_795,conv_795,m_29,3,0.99,Malaysian · beef · $13,2026-08-29T06:35:19.702Z
rec_796,conv_796,m_22,1,0.99,Mexican · chicken · $12.5,2026-08-20T06:17:14.754Z
rec_796,conv_796,m_11,2,0.99,African · beef · $13.5,2026-08-20T06:17:14.754Z
rec_796,conv_796,m_29,3,0.99,Malaysian · beef · $13,2026-08-20T06:17:14.754Z
rec_797,conv_797,m_07,1,0.99,Indian · chickpeas · $11,2026-10-04T06:24:47.432Z
rec_797,conv_797,m_13,2,0.91,African · none · $3,2026-10-04T06:24:47.432Z
rec_797,conv_797,m_10,3,0.9,African · chicken · $12,2026-10-04T06:24:47.432Z
rec_798,conv_798,m_07,1,0.99,Indian · chickpeas · $11,2026-09-25T06:44:10.820Z
rec_798,conv_798,m_13,2,0.91,African · none · $3,2026-09-25T06:44:10.820Z
rec_798,conv_798,m_10,3,0.9,African · chicken · $12,2026-09-25T06:44:10.820Z
rec_799,conv_799,m_07,1,0.99,Indian · chickpeas · $11,2026-09-16T06:05:24.315Z
rec_799,conv_799,m_13,2,0.91,African · none · $3,2026-09-16T06:05:24.315Z
rec_799,conv_799,m_10,3,0.9,African · chicken · $12,2026-09-16T06:05:24.315Z
rec_800,conv_800,m_07,1,0.99,Indian · chickpeas · $11,2026-09-07T06:16:50.321Z
rec_800,conv_800,m_13,2,0.91,African · none · $3,2026-09-07T06:16:50.321Z
rec_800,conv_800,m_10,3,0.9,African · chicken · $12,2026-09-07T06:16:50.321Z
rec_801,conv_801,m_07,1,0.99,Indian · chickpeas · $11,2026-08-29T06:06:48.561Z
rec_801,conv_801,m_13,2,0.91,African · none · $3,2026-08-29T06:06:48.561Z
rec_801,conv_801,m_10,3,0.9,African · chicken · $12,2026-08-29T06:06:48.561Z
rec_802,conv_802,m_23,1,0.99,Mexican · black beans · $11,2026-10-04T06:34:27.176Z
rec_802,conv_802,m_22,2,0.99,Mexican · chicken · $12.5,2026-10-04T06:34:27.176Z
rec_802,conv_802,m_05,3,0.99,Indian · chicken · $12,2026-10-04T06:34:27.176Z
rec_803,conv_803,m_23,1,0.99,Mexican · black beans · $11,2026-09-25T06:40:40.320Z
rec_803,conv_803,m_22,2,0.99,Mexican · chicken · $12.5,2026-09-25T06:40:40.320Z
rec_803,conv_803,m_05,3,0.99,Indian · chicken · $12,2026-09-25T06:40:40.320Z
rec_804,conv_804,m_23,1,0.99,Mexican · black beans · $11,2026-09-16T06:12:53.376Z
rec_804,conv_804,m_22,2,0.99,Mexican · chicken · $12.5,2026-09-16T06:12:53.376Z
rec_804,conv_804,m_05,3,0.99,Indian · chicken · $12,2026-09-16T06:12:53.376Z
rec_805,conv_805,m_23,1,0.99,Mexican · black beans · $11,2026-09-07T06:16:48.224Z
rec_805,conv_805,m_22,2,0.99,Mexican · chicken · $12.5,2026-09-07T06:16:48.224Z
rec_805,conv_805,m_05,3,0.99,Indian · chicken · $12,2026-09-07T06:16:48.224Z
rec_806,conv_806,m_23,1,0.99,Mexican · black beans · $11,2026-08-29T06:11:52.231Z
rec_806,conv_806,m_22,2,0.99,Mexican · chicken · $12.5,2026-08-29T06:11:52.231Z
rec_806,conv_806,m_05,3,0.99,Indian · chicken · $12,2026-08-29T06:11:52.231Z
rec_807,conv_807,m_23,1,0.99,Mexican · black beans · $11,2026-08-20T06:47:07.730Z
rec_807,conv_807,m_22,2,0.99,Mexican · chicken · $12.5,2026-08-20T06:47:07.730Z
rec_807,conv_807,m_05,3,0.99,Indian · chicken · $12,2026-08-20T06:47:07.730Z
rec_808,conv_808,m_07,1,0.99,Indian · chickpeas · $11,2026-10-04T05:55:49.399Z
rec_808,conv_808,m_13,2,0.97,African · none · $3,2026-10-04T05:55:49.399Z
rec_808,conv_808,m_08,3,0.92,Indian · none · $4,2026-10-04T05:55:49.399Z
rec_809,conv_809,m_07,1,0.99,Indian · chickpeas · $11,2026-09-25T06:44:36.046Z
rec_809,conv_809,m_13,2,0.97,African · none · $3,2026-09-25T06:44:36.046Z
rec_809,conv_809,m_08,3,0.92,Indian · none · $4,2026-09-25T06:44:36.046Z
rec_810,conv_810,m_07,1,0.99,Indian · chickpeas · $11,2026-09-16T06:00:37.932Z
rec_810,conv_810,m_13,2,0.97,African · none · $3,2026-09-16T06:00:37.932Z
rec_810,conv_810,m_08,3,0.92,Indian · none · $4,2026-09-16T06:00:37.932Z
rec_811,conv_811,m_07,1,0.99,Indian · chickpeas · $11,2026-09-07T06:18:17.149Z
rec_811,conv_811,m_13,2,0.97,African · none · $3,2026-09-07T06:18:17.149Z
rec_811,conv_811,m_08,3,0.92,Indian · none · $4,2026-09-07T06:18:17.149Z
rec_812,conv_812,m_28,1,0.99,Malaysian · chicken · $12,2026-10-04T06:20:48.359Z
rec_812,conv_812,m_10,2,0.99,African · chicken · $12,2026-10-04T06:20:48.359Z
rec_812,conv_812,m_05,3,0.99,Indian · chicken · $12,2026-10-04T06:20:48.359Z
rec_813,conv_813,m_28,1,0.99,Malaysian · chicken · $12,2026-09-25T06:03:37.571Z
rec_813,conv_813,m_10,2,0.99,African · chicken · $12,2026-09-25T06:03:37.571Z
rec_813,conv_813,m_05,3,0.99,Indian · chicken · $12,2026-09-25T06:03:37.571Z
rec_814,conv_814,m_28,1,0.99,Malaysian · chicken · $12,2026-09-16T06:49:25.029Z
rec_814,conv_814,m_10,2,0.99,African · chicken · $12,2026-09-16T06:49:25.029Z
rec_814,conv_814,m_05,3,0.99,Indian · chicken · $12,2026-09-16T06:49:25.029Z
rec_815,conv_815,m_28,1,0.99,Malaysian · chicken · $12,2026-09-07T06:32:58.291Z
rec_815,conv_815,m_10,2,0.99,African · chicken · $12,2026-09-07T06:32:58.291Z
rec_815,conv_815,m_05,3,0.99,Indian · chicken · $12,2026-09-07T06:32:58.291Z
rec_816,conv_816,m_13,1,0.99,African · none · $3,2026-10-04T06:21:36.728Z
rec_816,conv_816,m_02,2,0.99,Thai · tofu · $12.5,2026-10-04T06:21:36.728Z
rec_816,conv_816,m_24,3,0.99,Mexican · none · $3,2026-10-04T06:21:36.728Z
rec_817,conv_817,m_13,1,0.99,African · none · $3,2026-09-25T05:55:56.749Z
rec_817,conv_817,m_02,2,0.99,Thai · tofu · $12.5,2026-09-25T05:55:56.749Z
rec_817,conv_817,m_24,3,0.99,Mexican · none · $3,2026-09-25T05:55:56.749Z
rec_818,conv_818,m_13,1,0.99,African · none · $3,2026-09-16T06:20:11.417Z
rec_818,conv_818,m_02,2,0.99,Thai · tofu · $12.5,2026-09-16T06:20:11.417Z
rec_818,conv_818,m_24,3,0.99,Mexican · none · $3,2026-09-16T06:20:11.417Z
rec_819,conv_819,m_13,1,0.99,African · none · $3,2026-09-07T06:07:40.587Z
rec_819,conv_819,m_02,2,0.99,Thai · tofu · $12.5,2026-09-07T06:07:40.587Z
rec_819,conv_819,m_24,3,0.99,Mexican · none · $3,2026-09-07T06:07:40.587Z
rec_820,conv_820,m_27,1,0.99,Chinese · chicken · $12.5,2026-10-04T06:05:49.961Z
rec_820,conv_820,m_11,2,0.99,African · beef · $13.5,2026-10-04T06:05:49.961Z
rec_820,conv_820,m_10,3,0.99,African · chicken · $12,2026-10-04T06:05:49.961Z
rec_821,conv_821,m_27,1,0.99,Chinese · chicken · $12.5,2026-09-25T06:42:25.349Z
rec_821,conv_821,m_11,2,0.99,African · beef · $13.5,2026-09-25T06:42:25.349Z
rec_821,conv_821,m_10,3,0.99,African · chicken · $12,2026-09-25T06:42:25.349Z
rec_822,conv_822,m_27,1,0.99,Chinese · chicken · $12.5,2026-09-16T06:11:30.252Z
rec_822,conv_822,m_11,2,0.99,African · beef · $13.5,2026-09-16T06:11:30.252Z
rec_822,conv_822,m_10,3,0.99,African · chicken · $12,2026-09-16T06:11:30.252Z
rec_823,conv_823,m_13,1,0.99,African · none · $3,2026-10-04T06:39:48.722Z
rec_823,conv_823,m_23,2,0.99,Mexican · black beans · $11,2026-10-04T06:39:48.722Z
rec_823,conv_823,m_24,3,0.99,Mexican · none · $3,2026-10-04T06:39:48.722Z
rec_824,conv_824,m_13,1,0.99,African · none · $3,2026-09-25T06:00:50.984Z
rec_824,conv_824,m_23,2,0.99,Mexican · black beans · $11,2026-09-25T06:00:50.984Z
rec_824,conv_824,m_24,3,0.99,Mexican · none · $3,2026-09-25T06:00:50.984Z
rec_825,conv_825,m_13,1,0.99,African · none · $3,2026-09-16T06:28:37.756Z
rec_825,conv_825,m_23,2,0.99,Mexican · black beans · $11,2026-09-16T06:28:37.756Z
rec_825,conv_825,m_24,3,0.99,Mexican · none · $3,2026-09-16T06:28:37.756Z
rec_826,conv_826,m_13,1,0.99,African · none · $3,2026-09-07T05:52:37.291Z
rec_826,conv_826,m_23,2,0.99,Mexican · black beans · $11,2026-09-07T05:52:37.291Z
rec_826,conv_826,m_24,3,0.99,Mexican · none · $3,2026-09-07T05:52:37.291Z
rec_827,conv_827,m_05,1,0.99,Indian · chicken · $12,2026-10-04T06:00:40.722Z
rec_827,conv_827,m_10,2,0.99,African · chicken · $12,2026-10-04T06:00:40.722Z
rec_827,conv_827,m_28,3,0.99,Malaysian · chicken · $12,2026-10-04T06:00:40.722Z
rec_828,conv_828,m_23,1,0.99,Mexican · black beans · $11,2026-10-04T06:22:58.491Z
rec_828,conv_828,m_13,2,0.94,African · none · $3,2026-10-04T06:22:58.491Z
rec_828,conv_828,m_16,3,0.94,Japanese · none · $2.5,2026-10-04T06:22:58.491Z
rec_829,conv_829,m_23,1,0.99,Mexican · black beans · $11,2026-09-25T05:57:21.873Z
rec_829,conv_829,m_13,2,0.94,African · none · $3,2026-09-25T05:57:21.873Z
rec_829,conv_829,m_16,3,0.94,Japanese · none · $2.5,2026-09-25T05:57:21.873Z
rec_830,conv_830,m_29,1,0.99,Malaysian · beef · $13,2026-10-04T06:07:13.687Z
rec_830,conv_830,m_11,2,0.99,African · beef · $13.5,2026-10-04T06:07:13.687Z
rec_830,conv_830,m_28,3,0.99,Malaysian · chicken · $12,2026-10-04T06:07:13.687Z
rec_831,conv_831,m_29,1,0.99,Malaysian · beef · $13,2026-09-25T06:20:34.908Z
rec_831,conv_831,m_11,2,0.99,African · beef · $13.5,2026-09-25T06:20:34.908Z
rec_831,conv_831,m_28,3,0.99,Malaysian · chicken · $12,2026-09-25T06:20:34.908Z
rec_832,conv_832,m_22,1,0.99,Mexican · chicken · $12.5,2026-10-04T06:04:04.458Z
rec_832,conv_832,m_27,2,0.99,Chinese · chicken · $12.5,2026-10-04T06:04:04.458Z
rec_832,conv_832,m_05,3,0.99,Indian · chicken · $12,2026-10-04T06:04:04.458Z
rec_833,conv_833,m_22,1,0.99,Mexican · chicken · $12.5,2026-09-25T06:32:13.897Z
rec_833,conv_833,m_27,2,0.99,Chinese · chicken · $12.5,2026-09-25T06:32:13.897Z
rec_833,conv_833,m_05,3,0.99,Indian · chicken · $12,2026-09-25T06:32:13.897Z
rec_834,conv_834,m_22,1,0.99,Mexican · chicken · $12.5,2026-09-16T05:53:03.532Z
rec_834,conv_834,m_27,2,0.99,Chinese · chicken · $12.5,2026-09-16T05:53:03.532Z
rec_834,conv_834,m_05,3,0.99,Indian · chicken · $12,2026-09-16T05:53:03.532Z
rec_835,conv_835,m_13,1,0.99,African · none · $3,2026-10-04T06:08:55.976Z
rec_835,conv_835,m_16,2,0.99,Japanese · none · $2.5,2026-10-04T06:08:55.976Z
rec_835,conv_835,m_23,3,0.99,Mexican · black beans · $11,2026-10-04T06:08:55.976Z
rec_836,conv_836,m_13,1,0.99,African · none · $3,2026-09-25T06:06:07.960Z
rec_836,conv_836,m_16,2,0.99,Japanese · none · $2.5,2026-09-25T06:06:07.960Z
rec_836,conv_836,m_23,3,0.99,Mexican · black beans · $11,2026-09-25T06:06:07.960Z
rec_837,conv_837,m_05,1,0.99,Indian · chicken · $12,2026-10-04T06:27:42.407Z
rec_837,conv_837,m_28,2,0.99,Malaysian · chicken · $12,2026-10-04T06:27:42.407Z
rec_837,conv_837,m_10,3,0.99,African · chicken · $12,2026-10-04T06:27:42.407Z
rec_838,conv_838,m_05,1,0.99,Indian · chicken · $12,2026-09-25T05:52:37.123Z
rec_838,conv_838,m_28,2,0.99,Malaysian · chicken · $12,2026-09-25T05:52:37.123Z
rec_838,conv_838,m_10,3,0.99,African · chicken · $12,2026-09-25T05:52:37.123Z
rec_839,conv_839,m_05,1,0.99,Indian · chicken · $12,2026-09-16T06:50:17.916Z
rec_839,conv_839,m_28,2,0.99,Malaysian · chicken · $12,2026-09-16T06:50:17.916Z
rec_839,conv_839,m_10,3,0.99,African · chicken · $12,2026-09-16T06:50:17.916Z
rec_840,conv_840,m_05,1,0.99,Indian · chicken · $12,2026-09-07T06:01:21.899Z
rec_840,conv_840,m_28,2,0.99,Malaysian · chicken · $12,2026-09-07T06:01:21.899Z
rec_840,conv_840,m_10,3,0.99,African · chicken · $12,2026-09-07T06:01:21.899Z
rec_841,conv_841,m_05,1,0.99,Indian · chicken · $12,2026-08-29T06:36:36.799Z
rec_841,conv_841,m_28,2,0.99,Malaysian · chicken · $12,2026-08-29T06:36:36.799Z
rec_841,conv_841,m_10,3,0.99,African · chicken · $12,2026-08-29T06:36:36.799Z
rec_842,conv_842,m_22,1,0.99,Mexican · chicken · $12.5,2026-10-04T06:33:36.676Z
rec_842,conv_842,m_05,2,0.99,Indian · chicken · $12,2026-10-04T06:33:36.676Z
rec_842,conv_842,m_29,3,0.99,Malaysian · beef · $13,2026-10-04T06:33:36.676Z
rec_843,conv_843,m_22,1,0.99,Mexican · chicken · $12.5,2026-09-25T05:50:31.997Z
rec_843,conv_843,m_05,2,0.99,Indian · chicken · $12,2026-09-25T05:50:31.997Z
rec_843,conv_843,m_29,3,0.99,Malaysian · beef · $13,2026-09-25T05:50:31.997Z
rec_844,conv_844,m_22,1,0.99,Mexican · chicken · $12.5,2026-09-16T06:27:48.464Z
rec_844,conv_844,m_05,2,0.99,Indian · chicken · $12,2026-09-16T06:27:48.464Z
rec_844,conv_844,m_29,3,0.99,Malaysian · beef · $13,2026-09-16T06:27:48.464Z
rec_845,conv_845,m_22,1,0.99,Mexican · chicken · $12.5,2026-09-07T06:43:24.527Z
rec_845,conv_845,m_05,2,0.99,Indian · chicken · $12,2026-09-07T06:43:24.527Z
rec_845,conv_845,m_29,3,0.99,Malaysian · beef · $13,2026-09-07T06:43:24.527Z
rec_846,conv_846,m_22,1,0.99,Mexican · chicken · $12.5,2026-08-29T06:47:23.746Z
rec_846,conv_846,m_05,2,0.99,Indian · chicken · $12,2026-08-29T06:47:23.746Z
rec_846,conv_846,m_29,3,0.99,Malaysian · beef · $13,2026-08-29T06:47:23.746Z
rec_847,conv_847,m_22,1,0.99,Mexican · chicken · $12.5,2026-08-20T06:10:33.778Z
rec_847,conv_847,m_05,2,0.99,Indian · chicken · $12,2026-08-20T06:10:33.778Z
rec_847,conv_847,m_29,3,0.99,Malaysian · beef · $13,2026-08-20T06:10:33.778Z
rec_848,conv_848,m_23,1,0.99,Mexican · black beans · $11,2026-10-04T05:58:25.007Z
rec_848,conv_848,m_07,2,0.99,Indian · chickpeas · $11,2026-10-04T05:58:25.007Z
rec_848,conv_848,m_13,3,0.99,African · none · $3,2026-10-04T05:58:25.007Z
rec_849,conv_849,m_23,1,0.99,Mexican · black beans · $11,2026-09-25T06:46:06.800Z
rec_849,conv_849,m_07,2,0.99,Indian · chickpeas · $11,2026-09-25T06:46:06.800Z
rec_849,conv_849,m_13,3,0.99,African · none · $3,2026-09-25T06:46:06.800Z
rec_850,conv_850,m_23,1,0.99,Mexican · black beans · $11,2026-09-16T05:57:36.512Z
rec_850,conv_850,m_07,2,0.99,Indian · chickpeas · $11,2026-09-16T05:57:36.512Z
rec_850,conv_850,m_13,3,0.99,African · none · $3,2026-09-16T05:57:36.512Z
rec_851,conv_851,m_23,1,0.99,Mexican · black beans · $11,2026-09-07T06:04:11.774Z
rec_851,conv_851,m_07,2,0.99,Indian · chickpeas · $11,2026-09-07T06:04:11.774Z
rec_851,conv_851,m_13,3,0.99,African · none · $3,2026-09-07T06:04:11.774Z
rec_852,conv_852,m_23,1,0.99,Mexican · black beans · $11,2026-08-29T06:29:43.120Z
rec_852,conv_852,m_07,2,0.99,Indian · chickpeas · $11,2026-08-29T06:29:43.120Z
rec_852,conv_852,m_13,3,0.99,African · none · $3,2026-08-29T06:29:43.120Z
rec_853,conv_853,m_23,1,0.99,Mexican · black beans · $11,2026-08-20T06:34:33.971Z
rec_853,conv_853,m_07,2,0.99,Indian · chickpeas · $11,2026-08-20T06:34:33.971Z
rec_853,conv_853,m_13,3,0.99,African · none · $3,2026-08-20T06:34:33.971Z
rec_854,conv_854,m_27,1,0.99,Chinese · chicken · $12.5,2026-10-04T06:01:48.888Z
rec_854,conv_854,m_10,2,0.99,African · chicken · $12,2026-10-04T06:01:48.888Z
rec_854,conv_854,m_01,3,0.99,Thai · chicken · $13,2026-10-04T06:01:48.888Z
rec_855,conv_855,m_27,1,0.99,Chinese · chicken · $12.5,2026-09-25T06:46:39.970Z
rec_855,conv_855,m_10,2,0.99,African · chicken · $12,2026-09-25T06:46:39.970Z
rec_855,conv_855,m_01,3,0.99,Thai · chicken · $13,2026-09-25T06:46:39.970Z
rec_856,conv_856,m_07,1,0.99,Indian · chickpeas · $11,2026-10-04T05:55:37.268Z
rec_856,conv_856,m_16,2,0.99,Japanese · none · $2.5,2026-10-04T05:55:37.268Z
rec_856,conv_856,m_18,3,0.99,Mediterranean · chickpeas · $11.5,2026-10-04T05:55:37.268Z
rec_857,conv_857,m_07,1,0.99,Indian · chickpeas · $11,2026-09-25T05:58:37.201Z
rec_857,conv_857,m_16,2,0.99,Japanese · none · $2.5,2026-09-25T05:58:37.201Z
rec_857,conv_857,m_18,3,0.99,Mediterranean · chickpeas · $11.5,2026-09-25T05:58:37.201Z
rec_858,conv_858,m_27,1,0.99,Chinese · chicken · $12.5,2026-10-04T05:52:32.257Z
rec_858,conv_858,m_11,2,0.99,African · beef · $13.5,2026-10-04T05:52:32.257Z
rec_858,conv_858,m_28,3,0.99,Malaysian · chicken · $12,2026-10-04T05:52:32.257Z
rec_859,conv_859,m_27,1,0.99,Chinese · chicken · $12.5,2026-09-25T05:52:52.980Z
rec_859,conv_859,m_11,2,0.99,African · beef · $13.5,2026-09-25T05:52:52.980Z
rec_859,conv_859,m_28,3,0.99,Malaysian · chicken · $12,2026-09-25T05:52:52.980Z
rec_860,conv_860,m_28,1,0.99,Malaysian · chicken · $12,2026-10-04T06:44:34.854Z
rec_860,conv_860,m_21,2,0.99,Italian · chicken · $13,2026-10-04T06:44:34.854Z
rec_860,conv_860,m_01,3,0.99,Thai · chicken · $13,2026-10-04T06:44:34.854Z
rec_861,conv_861,m_11,1,0.99,African · beef · $13.5,2026-10-04T05:57:20.197Z
rec_861,conv_861,m_29,2,0.99,Malaysian · beef · $13,2026-10-04T05:57:20.197Z
rec_861,conv_861,m_10,3,0.99,African · chicken · $12,2026-10-04T05:57:20.197Z
rec_862,conv_862,m_11,1,0.99,African · beef · $13.5,2026-09-25T06:32:50.090Z
rec_862,conv_862,m_29,2,0.99,Malaysian · beef · $13,2026-09-25T06:32:50.090Z
rec_862,conv_862,m_10,3,0.99,African · chicken · $12,2026-09-25T06:32:50.090Z
rec_863,conv_863,m_11,1,0.99,African · beef · $13.5,2026-09-16T06:49:15.288Z
rec_863,conv_863,m_29,2,0.99,Malaysian · beef · $13,2026-09-16T06:49:15.288Z
rec_863,conv_863,m_10,3,0.99,African · chicken · $12,2026-09-16T06:49:15.288Z
rec_864,conv_864,m_23,1,0.99,Mexican · black beans · $11,2026-10-04T06:15:39.540Z
rec_864,conv_864,m_07,2,0.99,Indian · chickpeas · $11,2026-10-04T06:15:39.540Z
rec_864,conv_864,m_10,3,0.97,African · chicken · $12,2026-10-04T06:15:39.540Z
rec_865,conv_865,m_05,1,0.99,Indian · chicken · $12,2026-10-04T06:45:44.298Z
rec_865,conv_865,m_10,2,0.99,African · chicken · $12,2026-10-04T06:45:44.298Z
rec_865,conv_865,m_28,3,0.99,Malaysian · chicken · $12,2026-10-04T06:45:44.298Z
rec_866,conv_866,m_05,1,0.99,Indian · chicken · $12,2026-09-25T06:49:09.700Z
rec_866,conv_866,m_10,2,0.99,African · chicken · $12,2026-09-25T06:49:09.700Z
rec_866,conv_866,m_28,3,0.99,Malaysian · chicken · $12,2026-09-25T06:49:09.700Z
rec_867,conv_867,m_05,1,0.99,Indian · chicken · $12,2026-09-16T06:08:51.326Z
rec_867,conv_867,m_10,2,0.99,African · chicken · $12,2026-09-16T06:08:51.326Z
rec_867,conv_867,m_28,3,0.99,Malaysian · chicken · $12,2026-09-16T06:08:51.326Z
rec_868,conv_868,m_10,1,0.99,African · chicken · $12,2026-10-04T06:15:51.756Z
rec_868,conv_868,m_05,2,0.99,Indian · chicken · $12,2026-10-04T06:15:51.756Z
rec_868,conv_868,m_28,3,0.99,Malaysian · chicken · $12,2026-10-04T06:15:51.756Z
rec_869,conv_869,m_10,1,0.99,African · chicken · $12,2026-09-25T06:25:20.827Z
rec_869,conv_869,m_05,2,0.99,Indian · chicken · $12,2026-09-25T06:25:20.827Z
rec_869,conv_869,m_28,3,0.99,Malaysian · chicken · $12,2026-09-25T06:25:20.827Z
rec_870,conv_870,m_10,1,0.99,African · chicken · $12,2026-09-16T06:46:04.658Z
rec_870,conv_870,m_05,2,0.99,Indian · chicken · $12,2026-09-16T06:46:04.658Z
rec_870,conv_870,m_28,3,0.99,Malaysian · chicken · $12,2026-09-16T06:46:04.658Z
rec_871,conv_871,m_05,1,0.99,Indian · chicken · $12,2026-10-04T06:35:48.057Z
rec_871,conv_871,m_22,2,0.99,Mexican · chicken · $12.5,2026-10-04T06:35:48.057Z
rec_871,conv_871,m_01,3,0.99,Thai · chicken · $13,2026-10-04T06:35:48.057Z
rec_872,conv_872,m_05,1,0.99,Indian · chicken · $12,2026-09-25T05:52:36.610Z
rec_872,conv_872,m_22,2,0.99,Mexican · chicken · $12.5,2026-09-25T05:52:36.610Z
rec_872,conv_872,m_01,3,0.99,Thai · chicken · $13,2026-09-25T05:52:36.610Z
rec_873,conv_873,m_05,1,0.99,Indian · chicken · $12,2026-09-16T06:31:49.955Z
rec_873,conv_873,m_22,2,0.99,Mexican · chicken · $12.5,2026-09-16T06:31:49.955Z
rec_873,conv_873,m_01,3,0.99,Thai · chicken · $13,2026-09-16T06:31:49.955Z
rec_874,conv_874,m_16,1,0.99,Japanese · none · $2.5,2026-10-04T05:57:48.066Z
rec_874,conv_874,m_02,2,0.99,Thai · tofu · $12.5,2026-10-04T05:57:48.066Z
rec_874,conv_874,m_09,3,0.99,Indian · none · $3.5,2026-10-04T05:57:48.066Z
rec_875,conv_875,m_16,1,0.99,Japanese · none · $2.5,2026-09-25T06:42:24.120Z
rec_875,conv_875,m_02,2,0.99,Thai · tofu · $12.5,2026-09-25T06:42:24.120Z
rec_875,conv_875,m_09,3,0.99,Indian · none · $3.5,2026-09-25T06:42:24.120Z
rec_876,conv_876,m_16,1,0.99,Japanese · none · $2.5,2026-09-16T06:27:00.256Z
rec_876,conv_876,m_02,2,0.99,Thai · tofu · $12.5,2026-09-16T06:27:00.256Z
rec_876,conv_876,m_09,3,0.99,Indian · none · $3.5,2026-09-16T06:27:00.256Z
rec_877,conv_877,m_16,1,0.99,Japanese · none · $2.5,2026-09-07T06:24:27.844Z
rec_877,conv_877,m_02,2,0.99,Thai · tofu · $12.5,2026-09-07T06:24:27.844Z
rec_877,conv_877,m_09,3,0.99,Indian · none · $3.5,2026-09-07T06:24:27.844Z
rec_878,conv_878,m_16,1,0.99,Japanese · none · $2.5,2026-08-29T06:17:36.020Z
rec_878,conv_878,m_02,2,0.99,Thai · tofu · $12.5,2026-08-29T06:17:36.020Z
rec_878,conv_878,m_09,3,0.99,Indian · none · $3.5,2026-08-29T06:17:36.020Z
rec_879,conv_879,m_05,1,0.99,Indian · chicken · $12,2026-10-04T06:38:11.494Z
rec_879,conv_879,m_10,2,0.99,African · chicken · $12,2026-10-04T06:38:11.494Z
rec_879,conv_879,m_28,3,0.99,Malaysian · chicken · $12,2026-10-04T06:38:11.494Z
rec_880,conv_880,m_05,1,0.99,Indian · chicken · $12,2026-09-25T06:36:46.452Z
rec_880,conv_880,m_10,2,0.99,African · chicken · $12,2026-09-25T06:36:46.452Z
rec_880,conv_880,m_28,3,0.99,Malaysian · chicken · $12,2026-09-25T06:36:46.452Z
rec_881,conv_881,m_16,1,0.99,Japanese · none · $2.5,2026-10-04T06:19:07.850Z
rec_881,conv_881,m_23,2,0.99,Mexican · black beans · $11,2026-10-04T06:19:07.850Z
rec_881,conv_881,m_13,3,0.99,African · none · $3,2026-10-04T06:19:07.850Z
rec_882,conv_882,m_16,1,0.99,Japanese · none · $2.5,2026-09-25T05:58:17.005Z
rec_882,conv_882,m_23,2,0.99,Mexican · black beans · $11,2026-09-25T05:58:17.005Z
rec_882,conv_882,m_13,3,0.99,African · none · $3,2026-09-25T05:58:17.005Z
rec_883,conv_883,m_16,1,0.99,Japanese · none · $2.5,2026-09-16T05:54:53.310Z
rec_883,conv_883,m_23,2,0.99,Mexican · black beans · $11,2026-09-16T05:54:53.310Z
rec_883,conv_883,m_13,3,0.99,African · none · $3,2026-09-16T05:54:53.310Z
rec_884,conv_884,m_29,1,0.99,Malaysian · beef · $13,2026-10-04T06:35:42.521Z
rec_884,conv_884,m_11,2,0.99,African · beef · $13.5,2026-10-04T06:35:42.521Z
rec_884,conv_884,m_05,3,0.99,Indian · chicken · $12,2026-10-04T06:35:42.521Z
rec_885,conv_885,m_29,1,0.99,Malaysian · beef · $13,2026-09-25T06:12:59.430Z
rec_885,conv_885,m_11,2,0.99,African · beef · $13.5,2026-09-25T06:12:59.430Z
rec_885,conv_885,m_05,3,0.99,Indian · chicken · $12,2026-09-25T06:12:59.430Z
rec_886,conv_886,m_29,1,0.99,Malaysian · beef · $13,2026-09-16T05:57:34.963Z
rec_886,conv_886,m_11,2,0.99,African · beef · $13.5,2026-09-16T05:57:34.963Z
rec_886,conv_886,m_05,3,0.99,Indian · chicken · $12,2026-09-16T05:57:34.963Z
rec_887,conv_887,m_29,1,0.99,Malaysian · beef · $13,2026-09-07T06:41:04.825Z
rec_887,conv_887,m_11,2,0.99,African · beef · $13.5,2026-09-07T06:41:04.825Z
rec_887,conv_887,m_05,3,0.99,Indian · chicken · $12,2026-09-07T06:41:04.825Z
rec_888,conv_888,m_19,1,0.99,Mediterranean · chicken · $12,2026-10-04T06:05:51.226Z
rec_888,conv_888,m_28,2,0.99,Malaysian · chicken · $12,2026-10-04T06:05:51.226Z
rec_888,conv_888,m_10,3,0.99,African · chicken · $12,2026-10-04T06:05:51.226Z
rec_889,conv_889,m_19,1,0.99,Mediterranean · chicken · $12,2026-09-25T06:27:00.072Z
rec_889,conv_889,m_28,2,0.99,Malaysian · chicken · $12,2026-09-25T06:27:00.072Z
rec_889,conv_889,m_10,3,0.99,African · chicken · $12,2026-09-25T06:27:00.072Z
rec_890,conv_890,m_19,1,0.99,Mediterranean · chicken · $12,2026-09-16T06:21:24.298Z
rec_890,conv_890,m_28,2,0.99,Malaysian · chicken · $12,2026-09-16T06:21:24.298Z
rec_890,conv_890,m_10,3,0.99,African · chicken · $12,2026-09-16T06:21:24.298Z
rec_891,conv_891,m_19,1,0.99,Mediterranean · chicken · $12,2026-09-07T06:19:44.927Z
rec_891,conv_891,m_28,2,0.99,Malaysian · chicken · $12,2026-09-07T06:19:44.927Z
rec_891,conv_891,m_10,3,0.99,African · chicken · $12,2026-09-07T06:19:44.927Z
rec_892,conv_892,m_29,1,0.99,Malaysian · beef · $13,2026-10-04T06:00:30.402Z
rec_892,conv_892,m_28,2,0.99,Malaysian · chicken · $12,2026-10-04T06:00:30.402Z
rec_892,conv_892,m_22,3,0.99,Mexican · chicken · $12.5,2026-10-04T06:00:30.402Z
rec_893,conv_893,m_29,1,0.99,Malaysian · beef · $13,2026-09-25T06:48:40.386Z
rec_893,conv_893,m_28,2,0.99,Malaysian · chicken · $12,2026-09-25T06:48:40.386Z
rec_893,conv_893,m_22,3,0.99,Mexican · chicken · $12.5,2026-09-25T06:48:40.386Z
rec_894,conv_894,m_29,1,0.99,Malaysian · beef · $13,2026-09-16T06:00:44.575Z
rec_894,conv_894,m_28,2,0.99,Malaysian · chicken · $12,2026-09-16T06:00:44.575Z
rec_894,conv_894,m_22,3,0.99,Mexican · chicken · $12.5,2026-09-16T06:00:44.575Z
rec_895,conv_895,m_29,1,0.99,Malaysian · beef · $13,2026-09-07T06:38:21.655Z
rec_895,conv_895,m_28,2,0.99,Malaysian · chicken · $12,2026-09-07T06:38:21.655Z
rec_895,conv_895,m_22,3,0.99,Mexican · chicken · $12.5,2026-09-07T06:38:21.655Z
rec_896,conv_896,m_29,1,0.99,Malaysian · beef · $13,2026-08-29T06:43:56.988Z
rec_896,conv_896,m_28,2,0.99,Malaysian · chicken · $12,2026-08-29T06:43:56.988Z
rec_896,conv_896,m_22,3,0.99,Mexican · chicken · $12.5,2026-08-29T06:43:56.988Z
rec_897,conv_897,m_29,1,0.99,Malaysian · beef · $13,2026-08-20T06:38:11.296Z
rec_897,conv_897,m_28,2,0.99,Malaysian · chicken · $12,2026-08-20T06:38:11.296Z
rec_897,conv_897,m_22,3,0.99,Mexican · chicken · $12.5,2026-08-20T06:38:11.296Z
rec_898,conv_898,m_28,1,0.97,Malaysian · chicken · $12,2026-10-04T06:37:58.578Z
rec_898,conv_898,m_07,2,0.92,Indian · chickpeas · $11,2026-10-04T06:37:58.578Z
rec_898,conv_898,m_30,3,0.92,Chinese · tofu · $11,2026-10-04T06:37:58.578Z
rec_899,conv_899,m_28,1,0.97,Malaysian · chicken · $12,2026-09-25T06:14:31.812Z
rec_899,conv_899,m_07,2,0.92,Indian · chickpeas · $11,2026-09-25T06:14:31.812Z
rec_899,conv_899,m_30,3,0.92,Chinese · tofu · $11,2026-09-25T06:14:31.812Z
rec_900,conv_900,m_28,1,0.97,Malaysian · chicken · $12,2026-09-16T06:44:19.471Z
rec_900,conv_900,m_07,2,0.92,Indian · chickpeas · $11,2026-09-16T06:44:19.471Z
rec_900,conv_900,m_30,3,0.92,Chinese · tofu · $11,2026-09-16T06:44:19.471Z
rec_901,conv_901,m_07,1,0.99,Indian · chickpeas · $11,2026-10-04T06:47:49.305Z
rec_901,conv_901,m_13,2,0.99,African · none · $3,2026-10-04T06:47:49.305Z
rec_901,conv_901,m_30,3,0.99,Chinese · tofu · $11,2026-10-04T06:47:49.305Z
rec_902,conv_902,m_07,1,0.99,Indian · chickpeas · $11,2026-09-25T06:39:23.863Z
rec_902,conv_902,m_13,2,0.99,African · none · $3,2026-09-25T06:39:23.863Z
rec_902,conv_902,m_30,3,0.99,Chinese · tofu · $11,2026-09-25T06:39:23.863Z
rec_903,conv_903,m_07,1,0.99,Indian · chickpeas · $11,2026-09-16T06:10:18.697Z
rec_903,conv_903,m_13,2,0.99,African · none · $3,2026-09-16T06:10:18.697Z
rec_903,conv_903,m_30,3,0.99,Chinese · tofu · $11,2026-09-16T06:10:18.697Z
rec_904,conv_904,m_07,1,0.99,Indian · chickpeas · $11,2026-09-07T06:47:12.486Z
rec_904,conv_904,m_13,2,0.99,African · none · $3,2026-09-07T06:47:12.486Z
rec_904,conv_904,m_30,3,0.99,Chinese · tofu · $11,2026-09-07T06:47:12.486Z
rec_905,conv_905,m_13,1,0.91,African · none · $3,2026-10-04T06:33:01.276Z
rec_905,conv_905,m_22,2,0.86,Mexican · chicken · $12.5,2026-10-04T06:33:01.276Z
rec_905,conv_905,m_10,3,0.86,African · chicken · $12,2026-10-04T06:33:01.276Z
rec_906,conv_906,m_22,1,0.99,Mexican · chicken · $12.5,2026-10-04T06:24:49.850Z
rec_906,conv_906,m_28,2,0.99,Malaysian · chicken · $12,2026-10-04T06:24:49.850Z
rec_906,conv_906,m_10,3,0.99,African · chicken · $12,2026-10-04T06:24:49.850Z
rec_907,conv_907,m_22,1,0.99,Mexican · chicken · $12.5,2026-09-25T06:17:59.537Z
rec_907,conv_907,m_28,2,0.99,Malaysian · chicken · $12,2026-09-25T06:17:59.537Z
rec_907,conv_907,m_10,3,0.99,African · chicken · $12,2026-09-25T06:17:59.537Z
rec_908,conv_908,m_22,1,0.99,Mexican · chicken · $12.5,2026-09-16T06:39:39.209Z
rec_908,conv_908,m_28,2,0.99,Malaysian · chicken · $12,2026-09-16T06:39:39.209Z
rec_908,conv_908,m_10,3,0.99,African · chicken · $12,2026-09-16T06:39:39.209Z
rec_909,conv_909,m_22,1,0.99,Mexican · chicken · $12.5,2026-09-07T05:59:57.270Z
rec_909,conv_909,m_28,2,0.99,Malaysian · chicken · $12,2026-09-07T05:59:57.270Z
rec_909,conv_909,m_10,3,0.99,African · chicken · $12,2026-09-07T05:59:57.270Z
rec_910,conv_910,m_23,1,0.99,Mexican · black beans · $11,2026-10-04T05:56:20.194Z
rec_910,conv_910,m_13,2,0.99,African · none · $3,2026-10-04T05:56:20.194Z
rec_910,conv_910,m_16,3,0.99,Japanese · none · $2.5,2026-10-04T05:56:20.194Z
rec_911,conv_911,m_23,1,0.99,Mexican · black beans · $11,2026-09-25T06:36:50.159Z
rec_911,conv_911,m_13,2,0.99,African · none · $3,2026-09-25T06:36:50.159Z
rec_911,conv_911,m_16,3,0.99,Japanese · none · $2.5,2026-09-25T06:36:50.159Z
rec_912,conv_912,m_23,1,0.99,Mexican · black beans · $11,2026-09-16T06:49:42.632Z
rec_912,conv_912,m_13,2,0.99,African · none · $3,2026-09-16T06:49:42.632Z
rec_912,conv_912,m_16,3,0.99,Japanese · none · $2.5,2026-09-16T06:49:42.632Z
rec_913,conv_913,m_23,1,0.99,Mexican · black beans · $11,2026-09-07T05:59:04.570Z
rec_913,conv_913,m_13,2,0.99,African · none · $3,2026-09-07T05:59:04.570Z
rec_913,conv_913,m_16,3,0.99,Japanese · none · $2.5,2026-09-07T05:59:04.570Z
rec_914,conv_914,m_11,1,0.99,African · beef · $13.5,2026-10-04T06:33:59.458Z
rec_914,conv_914,m_01,2,0.99,Thai · chicken · $13,2026-10-04T06:33:59.458Z
rec_914,conv_914,m_25,3,0.99,Korean · chicken · $13.5,2026-10-04T06:33:59.458Z
rec_915,conv_915,m_11,1,0.99,African · beef · $13.5,2026-09-25T06:03:38.096Z
rec_915,conv_915,m_01,2,0.99,Thai · chicken · $13,2026-09-25T06:03:38.096Z
rec_915,conv_915,m_25,3,0.99,Korean · chicken · $13.5,2026-09-25T06:03:38.096Z
rec_916,conv_916,m_11,1,0.99,African · beef · $13.5,2026-09-16T06:14:57.785Z
rec_916,conv_916,m_01,2,0.99,Thai · chicken · $13,2026-09-16T06:14:57.785Z
rec_916,conv_916,m_25,3,0.99,Korean · chicken · $13.5,2026-09-16T06:14:57.785Z
rec_917,conv_917,m_13,1,0.99,African · none · $3,2026-10-04T05:59:21.126Z
rec_917,conv_917,m_16,2,0.99,Japanese · none · $2.5,2026-10-04T05:59:21.126Z
rec_917,conv_917,m_23,3,0.99,Mexican · black beans · $11,2026-10-04T05:59:21.126Z
rec_918,conv_918,m_13,1,0.99,African · none · $3,2026-09-25T05:54:02.652Z
rec_918,conv_918,m_16,2,0.99,Japanese · none · $2.5,2026-09-25T05:54:02.652Z
rec_918,conv_918,m_23,3,0.99,Mexican · black beans · $11,2026-09-25T05:54:02.652Z
rec_919,conv_919,m_22,1,0.99,Mexican · chicken · $12.5,2026-10-04T05:56:13.061Z
rec_919,conv_919,m_29,2,0.99,Malaysian · beef · $13,2026-10-04T05:56:13.061Z
rec_919,conv_919,m_28,3,0.99,Malaysian · chicken · $12,2026-10-04T05:56:13.061Z
rec_920,conv_920,m_22,1,0.99,Mexican · chicken · $12.5,2026-09-25T06:44:25.382Z
rec_920,conv_920,m_29,2,0.99,Malaysian · beef · $13,2026-09-25T06:44:25.382Z
rec_920,conv_920,m_28,3,0.99,Malaysian · chicken · $12,2026-09-25T06:44:25.382Z
rec_921,conv_921,m_22,1,0.99,Mexican · chicken · $12.5,2026-09-16T06:07:01.660Z
rec_921,conv_921,m_29,2,0.99,Malaysian · beef · $13,2026-09-16T06:07:01.660Z
rec_921,conv_921,m_28,3,0.99,Malaysian · chicken · $12,2026-09-16T06:07:01.660Z
rec_922,conv_922,m_22,1,0.99,Mexican · chicken · $12.5,2026-09-07T05:50:49.299Z
rec_922,conv_922,m_29,2,0.99,Malaysian · beef · $13,2026-09-07T05:50:49.299Z
rec_922,conv_922,m_28,3,0.99,Malaysian · chicken · $12,2026-09-07T05:50:49.299Z
rec_923,conv_923,m_23,1,0.96,Mexican · black beans · $11,2026-10-04T05:59:06.308Z
rec_923,conv_923,m_16,2,0.91,Japanese · none · $2.5,2026-10-04T05:59:06.308Z
rec_923,conv_923,m_24,3,0.91,Mexican · none · $3,2026-10-04T05:59:06.308Z
rec_924,conv_924,m_23,1,0.96,Mexican · black beans · $11,2026-09-25T06:09:27.866Z
rec_924,conv_924,m_16,2,0.91,Japanese · none · $2.5,2026-09-25T06:09:27.866Z
rec_924,conv_924,m_24,3,0.91,Mexican · none · $3,2026-09-25T06:09:27.866Z
rec_925,conv_925,m_23,1,0.96,Mexican · black beans · $11,2026-09-16T06:38:52.576Z
rec_925,conv_925,m_16,2,0.91,Japanese · none · $2.5,2026-09-16T06:38:52.576Z
rec_925,conv_925,m_24,3,0.91,Mexican · none · $3,2026-09-16T06:38:52.576Z
rec_926,conv_926,m_23,1,0.96,Mexican · black beans · $11,2026-09-07T06:12:39.625Z
rec_926,conv_926,m_16,2,0.91,Japanese · none · $2.5,2026-09-07T06:12:39.625Z
rec_926,conv_926,m_24,3,0.91,Mexican · none · $3,2026-09-07T06:12:39.625Z
rec_927,conv_927,m_23,1,0.96,Mexican · black beans · $11,2026-08-29T06:28:43.503Z
rec_927,conv_927,m_16,2,0.91,Japanese · none · $2.5,2026-08-29T06:28:43.503Z
rec_927,conv_927,m_24,3,0.91,Mexican · none · $3,2026-08-29T06:28:43.503Z
rec_928,conv_928,m_23,1,0.96,Mexican · black beans · $11,2026-08-20T06:43:34.797Z
rec_928,conv_928,m_16,2,0.91,Japanese · none · $2.5,2026-08-20T06:43:34.797Z
rec_928,conv_928,m_24,3,0.91,Mexican · none · $3,2026-08-20T06:43:34.797Z
rec_929,conv_929,m_26,1,0.99,Korean · beef · $14,2026-10-04T06:03:01.970Z
rec_929,conv_929,m_28,2,0.99,Malaysian · chicken · $12,2026-10-04T06:03:01.970Z
rec_929,conv_929,m_22,3,0.99,Mexican · chicken · $12.5,2026-10-04T06:03:01.970Z
rec_930,conv_930,m_26,1,0.99,Korean · beef · $14,2026-09-25T06:29:15.133Z
rec_930,conv_930,m_28,2,0.99,Malaysian · chicken · $12,2026-09-25T06:29:15.133Z
rec_930,conv_930,m_22,3,0.99,Mexican · chicken · $12.5,2026-09-25T06:29:15.133Z
rec_931,conv_931,m_26,1,0.99,Korean · beef · $14,2026-09-16T06:34:21.475Z
rec_931,conv_931,m_28,2,0.99,Malaysian · chicken · $12,2026-09-16T06:34:21.475Z
rec_931,conv_931,m_22,3,0.99,Mexican · chicken · $12.5,2026-09-16T06:34:21.475Z
rec_932,conv_932,m_26,1,0.99,Korean · beef · $14,2026-09-07T05:54:58.350Z
rec_932,conv_932,m_28,2,0.99,Malaysian · chicken · $12,2026-09-07T05:54:58.350Z
rec_932,conv_932,m_22,3,0.99,Mexican · chicken · $12.5,2026-09-07T05:54:58.350Z
rec_933,conv_933,m_07,1,0.98,Indian · chickpeas · $11,2026-10-04T05:55:28.291Z
rec_933,conv_933,m_13,2,0.9,African · none · $3,2026-10-04T05:55:28.291Z
rec_933,conv_933,m_23,3,0.9,Mexican · black beans · $11,2026-10-04T05:55:28.291Z
rec_934,conv_934,m_07,1,0.98,Indian · chickpeas · $11,2026-09-25T06:28:32.559Z
rec_934,conv_934,m_13,2,0.9,African · none · $3,2026-09-25T06:28:32.559Z
rec_934,conv_934,m_23,3,0.9,Mexican · black beans · $11,2026-09-25T06:28:32.559Z
rec_935,conv_935,m_07,1,0.98,Indian · chickpeas · $11,2026-09-16T05:57:05.806Z
rec_935,conv_935,m_13,2,0.9,African · none · $3,2026-09-16T05:57:05.806Z
rec_935,conv_935,m_23,3,0.9,Mexican · black beans · $11,2026-09-16T05:57:05.806Z
rec_936,conv_936,m_07,1,0.98,Indian · chickpeas · $11,2026-09-07T05:54:35.495Z
rec_936,conv_936,m_13,2,0.9,African · none · $3,2026-09-07T05:54:35.495Z
rec_936,conv_936,m_23,3,0.9,Mexican · black beans · $11,2026-09-07T05:54:35.495Z
rec_937,conv_937,m_07,1,0.98,Indian · chickpeas · $11,2026-08-29T06:47:59.155Z
rec_937,conv_937,m_13,2,0.9,African · none · $3,2026-08-29T06:47:59.155Z
rec_937,conv_937,m_23,3,0.9,Mexican · black beans · $11,2026-08-29T06:47:59.155Z
rec_938,conv_938,m_22,1,0.99,Mexican · chicken · $12.5,2026-10-04T06:18:39.227Z
rec_938,conv_938,m_05,2,0.99,Indian · chicken · $12,2026-10-04T06:18:39.227Z
rec_938,conv_938,m_28,3,0.99,Malaysian · chicken · $12,2026-10-04T06:18:39.227Z
rec_939,conv_939,m_22,1,0.99,Mexican · chicken · $12.5,2026-09-25T06:07:18.478Z
rec_939,conv_939,m_05,2,0.99,Indian · chicken · $12,2026-09-25T06:07:18.478Z
rec_939,conv_939,m_28,3,0.99,Malaysian · chicken · $12,2026-09-25T06:07:18.478Z
rec_940,conv_940,m_22,1,0.99,Mexican · chicken · $12.5,2026-09-16T06:26:36.310Z
rec_940,conv_940,m_05,2,0.99,Indian · chicken · $12,2026-09-16T06:26:36.310Z
rec_940,conv_940,m_28,3,0.99,Malaysian · chicken · $12,2026-09-16T06:26:36.310Z
rec_941,conv_941,m_22,1,0.99,Mexican · chicken · $12.5,2026-09-07T06:27:17.999Z
rec_941,conv_941,m_05,2,0.99,Indian · chicken · $12,2026-09-07T06:27:17.999Z
rec_941,conv_941,m_28,3,0.99,Malaysian · chicken · $12,2026-09-07T06:27:17.999Z
rec_942,conv_942,m_22,1,0.99,Mexican · chicken · $12.5,2026-08-29T06:02:25.431Z
rec_942,conv_942,m_05,2,0.99,Indian · chicken · $12,2026-08-29T06:02:25.431Z
rec_942,conv_942,m_28,3,0.99,Malaysian · chicken · $12,2026-08-29T06:02:25.431Z
rec_943,conv_943,m_22,1,0.99,Mexican · chicken · $12.5,2026-10-04T06:41:04.078Z
rec_943,conv_943,m_10,2,0.99,African · chicken · $12,2026-10-04T06:41:04.078Z
rec_943,conv_943,m_05,3,0.99,Indian · chicken · $12,2026-10-04T06:41:04.078Z
rec_944,conv_944,m_22,1,0.99,Mexican · chicken · $12.5,2026-09-25T06:00:56.653Z
rec_944,conv_944,m_10,2,0.99,African · chicken · $12,2026-09-25T06:00:56.653Z
rec_944,conv_944,m_05,3,0.99,Indian · chicken · $12,2026-09-25T06:00:56.653Z
rec_945,conv_945,m_22,1,0.99,Mexican · chicken · $12.5,2026-09-16T05:51:29.757Z
rec_945,conv_945,m_10,2,0.99,African · chicken · $12,2026-09-16T05:51:29.757Z
rec_945,conv_945,m_05,3,0.99,Indian · chicken · $12,2026-09-16T05:51:29.757Z
rec_946,conv_946,m_22,1,0.99,Mexican · chicken · $12.5,2026-10-04T06:17:45.402Z
rec_946,conv_946,m_01,2,0.99,Thai · chicken · $13,2026-10-04T06:17:45.402Z
rec_946,conv_946,m_10,3,0.99,African · chicken · $12,2026-10-04T06:17:45.402Z
rec_947,conv_947,m_22,1,0.99,Mexican · chicken · $12.5,2026-09-25T05:53:30.327Z
rec_947,conv_947,m_01,2,0.99,Thai · chicken · $13,2026-09-25T05:53:30.327Z
rec_947,conv_947,m_10,3,0.99,African · chicken · $12,2026-09-25T05:53:30.327Z
rec_948,conv_948,m_22,1,0.99,Mexican · chicken · $12.5,2026-09-16T06:08:49.698Z
rec_948,conv_948,m_01,2,0.99,Thai · chicken · $13,2026-09-16T06:08:49.698Z
rec_948,conv_948,m_10,3,0.99,African · chicken · $12,2026-09-16T06:08:49.698Z
rec_949,conv_949,m_24,1,0.99,Mexican · none · $3,2026-10-04T06:46:33.051Z
rec_949,conv_949,m_13,2,0.99,African · none · $3,2026-10-04T06:46:33.051Z
rec_949,conv_949,m_22,3,0.99,Mexican · chicken · $12.5,2026-10-04T06:46:33.051Z
rec_950,conv_950,m_24,1,0.99,Mexican · none · $3,2026-09-25T06:14:36.324Z
rec_950,conv_950,m_13,2,0.99,African · none · $3,2026-09-25T06:14:36.324Z
rec_950,conv_950,m_22,3,0.99,Mexican · chicken · $12.5,2026-09-25T06:14:36.324Z
rec_951,conv_951,m_24,1,0.99,Mexican · none · $3,2026-09-16T06:12:00.319Z
rec_951,conv_951,m_13,2,0.99,African · none · $3,2026-09-16T06:12:00.319Z
rec_951,conv_951,m_22,3,0.99,Mexican · chicken · $12.5,2026-09-16T06:12:00.319Z
rec_952,conv_952,m_24,1,0.99,Mexican · none · $3,2026-09-07T06:04:29.262Z
rec_952,conv_952,m_13,2,0.99,African · none · $3,2026-09-07T06:04:29.262Z
rec_952,conv_952,m_22,3,0.99,Mexican · chicken · $12.5,2026-09-07T06:04:29.262Z
rec_953,conv_953,m_08,1,0.9,Indian · none · $4,2026-10-04T06:14:34.886Z
rec_953,conv_953,m_23,2,0.89,Mexican · black beans · $11,2026-10-04T06:14:34.886Z
rec_953,conv_953,m_28,3,0.88,Malaysian · chicken · $12,2026-10-04T06:14:34.886Z
rec_954,conv_954,m_08,1,0.9,Indian · none · $4,2026-09-25T05:58:22.667Z
rec_954,conv_954,m_23,2,0.89,Mexican · black beans · $11,2026-09-25T05:58:22.667Z
rec_954,conv_954,m_28,3,0.88,Malaysian · chicken · $12,2026-09-25T05:58:22.667Z
rec_955,conv_955,m_08,1,0.9,Indian · none · $4,2026-09-16T06:21:10.363Z
rec_955,conv_955,m_23,2,0.89,Mexican · black beans · $11,2026-09-16T06:21:10.363Z
rec_955,conv_955,m_28,3,0.88,Malaysian · chicken · $12,2026-09-16T06:21:10.363Z
rec_956,conv_956,m_08,1,0.9,Indian · none · $4,2026-09-07T06:27:46.973Z
rec_956,conv_956,m_23,2,0.89,Mexican · black beans · $11,2026-09-07T06:27:46.973Z
rec_956,conv_956,m_28,3,0.88,Malaysian · chicken · $12,2026-09-07T06:27:46.973Z
rec_957,conv_957,m_16,1,0.99,Japanese · none · $2.5,2026-10-04T06:41:53.071Z
rec_957,conv_957,m_24,2,0.99,Mexican · none · $3,2026-10-04T06:41:53.071Z
rec_957,conv_957,m_13,3,0.99,African · none · $3,2026-10-04T06:41:53.071Z
rec_958,conv_958,m_16,1,0.99,Japanese · none · $2.5,2026-09-25T06:41:23.589Z
rec_958,conv_958,m_24,2,0.99,Mexican · none · $3,2026-09-25T06:41:23.589Z
rec_958,conv_958,m_13,3,0.99,African · none · $3,2026-09-25T06:41:23.589Z
rec_959,conv_959,m_16,1,0.99,Japanese · none · $2.5,2026-09-16T06:14:29.713Z
rec_959,conv_959,m_24,2,0.99,Mexican · none · $3,2026-09-16T06:14:29.713Z
rec_959,conv_959,m_13,3,0.99,African · none · $3,2026-09-16T06:14:29.713Z
rec_960,conv_960,m_16,1,0.99,Japanese · none · $2.5,2026-09-07T06:38:45.233Z
rec_960,conv_960,m_24,2,0.99,Mexican · none · $3,2026-09-07T06:38:45.233Z
rec_960,conv_960,m_13,3,0.99,African · none · $3,2026-09-07T06:38:45.233Z
rec_961,conv_961,m_16,1,0.99,Japanese · none · $2.5,2026-08-29T06:08:59.783Z
rec_961,conv_961,m_24,2,0.99,Mexican · none · $3,2026-08-29T06:08:59.783Z
rec_961,conv_961,m_13,3,0.99,African · none · $3,2026-08-29T06:08:59.783Z
rec_962,conv_962,m_16,1,0.99,Japanese · none · $2.5,2026-08-20T06:18:06.760Z
rec_962,conv_962,m_24,2,0.99,Mexican · none · $3,2026-08-20T06:18:06.760Z
rec_962,conv_962,m_13,3,0.99,African · none · $3,2026-08-20T06:18:06.760Z
rec_963,conv_963,m_01,1,0.99,Thai · chicken · $13,2026-10-04T06:38:35.493Z
rec_963,conv_963,m_10,2,0.99,African · chicken · $12,2026-10-04T06:38:35.493Z
rec_963,conv_963,m_25,3,0.99,Korean · chicken · $13.5,2026-10-04T06:38:35.493Z
rec_964,conv_964,m_01,1,0.99,Thai · chicken · $13,2026-09-25T05:51:09.236Z
rec_964,conv_964,m_10,2,0.99,African · chicken · $12,2026-09-25T05:51:09.236Z
rec_964,conv_964,m_25,3,0.99,Korean · chicken · $13.5,2026-09-25T05:51:09.236Z
rec_965,conv_965,m_01,1,0.99,Thai · chicken · $13,2026-09-16T06:05:43.060Z
rec_965,conv_965,m_10,2,0.99,African · chicken · $12,2026-09-16T06:05:43.060Z
rec_965,conv_965,m_25,3,0.99,Korean · chicken · $13.5,2026-09-16T06:05:43.060Z
rec_966,conv_966,m_01,1,0.99,Thai · chicken · $13,2026-09-07T06:49:15.898Z
rec_966,conv_966,m_10,2,0.99,African · chicken · $12,2026-09-07T06:49:15.898Z
rec_966,conv_966,m_25,3,0.99,Korean · chicken · $13.5,2026-09-07T06:49:15.898Z
rec_967,conv_967,m_22,1,0.99,Mexican · chicken · $12.5,2026-10-04T06:45:56.243Z
rec_967,conv_967,m_07,2,0.98,Indian · chickpeas · $11,2026-10-04T06:45:56.243Z
rec_967,conv_967,m_10,3,0.93,African · chicken · $12,2026-10-04T06:45:56.243Z
rec_968,conv_968,m_22,1,0.99,Mexican · chicken · $12.5,2026-09-25T06:35:39.417Z
rec_968,conv_968,m_07,2,0.98,Indian · chickpeas · $11,2026-09-25T06:35:39.417Z
rec_968,conv_968,m_10,3,0.93,African · chicken · $12,2026-09-25T06:35:39.417Z
rec_969,conv_969,m_11,1,0.99,African · beef · $13.5,2026-10-04T06:09:47.400Z
rec_969,conv_969,m_29,2,0.99,Malaysian · beef · $13,2026-10-04T06:09:47.400Z
rec_969,conv_969,m_03,3,0.99,Thai · beef · $14.5,2026-10-04T06:09:47.400Z
rec_970,conv_970,m_11,1,0.99,African · beef · $13.5,2026-09-25T06:30:37.421Z
rec_970,conv_970,m_29,2,0.99,Malaysian · beef · $13,2026-09-25T06:30:37.421Z
rec_970,conv_970,m_03,3,0.99,Thai · beef · $14.5,2026-09-25T06:30:37.421Z
rec_971,conv_971,m_11,1,0.99,African · beef · $13.5,2026-09-16T06:39:27.883Z
rec_971,conv_971,m_29,2,0.99,Malaysian · beef · $13,2026-09-16T06:39:27.883Z
rec_971,conv_971,m_03,3,0.99,Thai · beef · $14.5,2026-09-16T06:39:27.883Z
rec_972,conv_972,m_11,1,0.99,African · beef · $13.5,2026-09-07T06:47:42.110Z
rec_972,conv_972,m_29,2,0.99,Malaysian · beef · $13,2026-09-07T06:47:42.110Z
rec_972,conv_972,m_03,3,0.99,Thai · beef · $14.5,2026-09-07T06:47:42.110Z
rec_973,conv_973,m_13,1,0.95,African · none · $3,2026-10-04T06:26:16.058Z
rec_973,conv_973,m_08,2,0.91,Indian · none · $4,2026-10-04T06:26:16.058Z
rec_973,conv_973,m_16,3,0.89,Japanese · none · $2.5,2026-10-04T06:26:16.058Z
rec_974,conv_974,m_13,1,0.95,African · none · $3,2026-09-25T06:24:02.688Z
rec_974,conv_974,m_08,2,0.91,Indian · none · $4,2026-09-25T06:24:02.688Z
rec_974,conv_974,m_16,3,0.89,Japanese · none · $2.5,2026-09-25T06:24:02.688Z
rec_975,conv_975,m_13,1,0.95,African · none · $3,2026-09-16T06:33:54.871Z
rec_975,conv_975,m_08,2,0.91,Indian · none · $4,2026-09-16T06:33:54.871Z
rec_975,conv_975,m_16,3,0.89,Japanese · none · $2.5,2026-09-16T06:33:54.871Z
rec_976,conv_976,m_23,1,0.99,Mexican · black beans · $11,2026-10-04T06:03:45.381Z
rec_976,conv_976,m_28,2,0.99,Malaysian · chicken · $12,2026-10-04T06:03:45.381Z
rec_976,conv_976,m_07,3,0.99,Indian · chickpeas · $11,2026-10-04T06:03:45.381Z
rec_977,conv_977,m_23,1,0.99,Mexican · black beans · $11,2026-09-25T06:40:46.120Z
rec_977,conv_977,m_28,2,0.99,Malaysian · chicken · $12,2026-09-25T06:40:46.120Z
rec_977,conv_977,m_07,3,0.99,Indian · chickpeas · $11,2026-09-25T06:40:46.120Z
rec_978,conv_978,m_23,1,0.99,Mexican · black beans · $11,2026-09-16T05:52:53.597Z
rec_978,conv_978,m_28,2,0.99,Malaysian · chicken · $12,2026-09-16T05:52:53.597Z
rec_978,conv_978,m_07,3,0.99,Indian · chickpeas · $11,2026-09-16T05:52:53.597Z
rec_979,conv_979,m_23,1,0.99,Mexican · black beans · $11,2026-09-07T06:28:52.318Z
rec_979,conv_979,m_28,2,0.99,Malaysian · chicken · $12,2026-09-07T06:28:52.318Z
rec_979,conv_979,m_07,3,0.99,Indian · chickpeas · $11,2026-09-07T06:28:52.318Z
rec_980,conv_980,m_22,1,0.99,Mexican · chicken · $12.5,2026-10-04T05:55:27.016Z
rec_980,conv_980,m_05,2,0.99,Indian · chicken · $12,2026-10-04T05:55:27.016Z
rec_980,conv_980,m_10,3,0.99,African · chicken · $12,2026-10-04T05:55:27.016Z
rec_981,conv_981,m_22,1,0.99,Mexican · chicken · $12.5,2026-09-25T06:12:38.815Z
rec_981,conv_981,m_05,2,0.99,Indian · chicken · $12,2026-09-25T06:12:38.815Z
rec_981,conv_981,m_10,3,0.99,African · chicken · $12,2026-09-25T06:12:38.815Z
rec_982,conv_982,m_11,1,0.99,African · beef · $13.5,2026-10-04T05:52:19.548Z
rec_982,conv_982,m_10,2,0.99,African · chicken · $12,2026-10-04T05:52:19.548Z
rec_982,conv_982,m_01,3,0.99,Thai · chicken · $13,2026-10-04T05:52:19.548Z
rec_983,conv_983,m_11,1,0.99,African · beef · $13.5,2026-09-25T06:42:13.453Z
rec_983,conv_983,m_10,2,0.99,African · chicken · $12,2026-09-25T06:42:13.453Z
rec_983,conv_983,m_01,3,0.99,Thai · chicken · $13,2026-09-25T06:42:13.453Z
rec_984,conv_984,m_11,1,0.99,African · beef · $13.5,2026-09-16T06:28:43.671Z
rec_984,conv_984,m_10,2,0.99,African · chicken · $12,2026-09-16T06:28:43.671Z
rec_984,conv_984,m_01,3,0.99,Thai · chicken · $13,2026-09-16T06:28:43.671Z
rec_985,conv_985,m_13,1,0.99,African · none · $3,2026-10-04T06:39:51.749Z
rec_985,conv_985,m_16,2,0.99,Japanese · none · $2.5,2026-10-04T06:39:51.749Z
rec_985,conv_985,m_24,3,0.99,Mexican · none · $3,2026-10-04T06:39:51.749Z
rec_986,conv_986,m_13,1,0.99,African · none · $3,2026-09-25T06:10:29.347Z
rec_986,conv_986,m_16,2,0.99,Japanese · none · $2.5,2026-09-25T06:10:29.347Z
rec_986,conv_986,m_24,3,0.99,Mexican · none · $3,2026-09-25T06:10:29.347Z
rec_987,conv_987,m_13,1,0.99,African · none · $3,2026-09-16T05:57:06.111Z
rec_987,conv_987,m_16,2,0.99,Japanese · none · $2.5,2026-09-16T05:57:06.111Z
rec_987,conv_987,m_24,3,0.99,Mexican · none · $3,2026-09-16T05:57:06.111Z
rec_988,conv_988,m_13,1,0.99,African · none · $3,2026-09-07T06:15:29.239Z
rec_988,conv_988,m_16,2,0.99,Japanese · none · $2.5,2026-09-07T06:15:29.239Z
rec_988,conv_988,m_24,3,0.99,Mexican · none · $3,2026-09-07T06:15:29.239Z
rec_989,conv_989,m_01,1,0.99,Thai · chicken · $13,2026-10-04T06:45:21.871Z
rec_989,conv_989,m_10,2,0.99,African · chicken · $12,2026-10-04T06:45:21.871Z
rec_989,conv_989,m_28,3,0.99,Malaysian · chicken · $12,2026-10-04T06:45:21.871Z
rec_990,conv_990,m_01,1,0.99,Thai · chicken · $13,2026-09-25T06:42:59.026Z
rec_990,conv_990,m_10,2,0.99,African · chicken · $12,2026-09-25T06:42:59.026Z
rec_990,conv_990,m_28,3,0.99,Malaysian · chicken · $12,2026-09-25T06:42:59.026Z
rec_991,conv_991,m_01,1,0.99,Thai · chicken · $13,2026-09-16T06:24:36.594Z
rec_991,conv_991,m_10,2,0.99,African · chicken · $12,2026-09-16T06:24:36.594Z
rec_991,conv_991,m_28,3,0.99,Malaysian · chicken · $12,2026-09-16T06:24:36.594Z
rec_992,conv_992,m_01,1,0.99,Thai · chicken · $13,2026-09-07T06:26:28.497Z
rec_992,conv_992,m_10,2,0.99,African · chicken · $12,2026-09-07T06:26:28.497Z
rec_992,conv_992,m_28,3,0.99,Malaysian · chicken · $12,2026-09-07T06:26:28.497Z
rec_993,conv_993,m_07,1,0.99,Indian · chickpeas · $11,2026-10-04T06:40:15.025Z
rec_993,conv_993,m_16,2,0.99,Japanese · none · $2.5,2026-10-04T06:40:15.025Z
rec_993,conv_993,m_23,3,0.99,Mexican · black beans · $11,2026-10-04T06:40:15.025Z
rec_994,conv_994,m_07,1,0.99,Indian · chickpeas · $11,2026-09-25T05:59:19.464Z
rec_994,conv_994,m_16,2,0.99,Japanese · none · $2.5,2026-09-25T05:59:19.464Z
rec_994,conv_994,m_23,3,0.99,Mexican · black beans · $11,2026-09-25T05:59:19.464Z
rec_995,conv_995,m_07,1,0.99,Indian · chickpeas · $11,2026-09-16T06:39:35.263Z
rec_995,conv_995,m_16,2,0.99,Japanese · none · $2.5,2026-09-16T06:39:35.263Z
rec_995,conv_995,m_23,3,0.99,Mexican · black beans · $11,2026-09-16T06:39:35.263Z
rec_996,conv_996,m_22,1,0.99,Mexican · chicken · $12.5,2026-10-04T06:12:30.124Z
rec_996,conv_996,m_07,2,0.99,Indian · chickpeas · $11,2026-10-04T06:12:30.124Z
rec_996,conv_996,m_28,3,0.99,Malaysian · chicken · $12,2026-10-04T06:12:30.124Z
rec_997,conv_997,m_22,1,0.99,Mexican · chicken · $12.5,2026-09-25T06:01:43.561Z
rec_997,conv_997,m_07,2,0.99,Indian · chickpeas · $11,2026-09-25T06:01:43.561Z
rec_997,conv_997,m_28,3,0.99,Malaysian · chicken · $12,2026-09-25T06:01:43.561Z
rec_998,conv_998,m_19,1,0.99,Mediterranean · chicken · $12,2026-10-04T06:36:32.000Z
rec_998,conv_998,m_28,2,0.99,Malaysian · chicken · $12,2026-10-04T06:36:32.000Z
rec_998,conv_998,m_10,3,0.99,African · chicken · $12,2026-10-04T06:36:32.000Z
rec_999,conv_999,m_19,1,0.99,Mediterranean · chicken · $12,2026-09-25T06:24:57.135Z
rec_999,conv_999,m_28,2,0.99,Malaysian · chicken · $12,2026-09-25T06:24:57.135Z
rec_999,conv_999,m_10,3,0.99,African · chicken · $12,2026-09-25T06:24:57.135Z
rec_1000,conv_1000,m_19,1,0.99,Mediterranean · chicken · $12,2026-09-16T06:09:35.181Z
rec_1000,conv_1000,m_28,2,0.99,Malaysian · chicken · $12,2026-09-16T06:09:35.181Z
rec_1000,conv_1000,m_10,3,0.99,African · chicken · $12,2026-09-16T06:09:35.181Z
rec_1001,conv_1001,m_19,1,0.99,Mediterranean · chicken · $12,2026-09-07T05:52:56.815Z
rec_1001,conv_1001,m_28,2,0.99,Malaysian · chicken · $12,2026-09-07T05:52:56.815Z
rec_1001,conv_1001,m_10,3,0.99,African · chicken · $12,2026-09-07T05:52:56.815Z
rec_1002,conv_1002,m_29,1,0.99,Malaysian · beef · $13,2026-10-04T06:34:28.821Z
rec_1002,conv_1002,m_28,2,0.99,Malaysian · chicken · $12,2026-10-04T06:34:28.821Z
rec_1002,conv_1002,m_22,3,0.99,Mexican · chicken · $12.5,2026-10-04T06:34:28.821Z
rec_1003,conv_1003,m_29,1,0.99,Malaysian · beef · $13,2026-09-25T06:33:07.956Z
rec_1003,conv_1003,m_28,2,0.99,Malaysian · chicken · $12,2026-09-25T06:33:07.956Z
rec_1003,conv_1003,m_22,3,0.99,Mexican · chicken · $12.5,2026-09-25T06:33:07.956Z
rec_1004,conv_1004,m_29,1,0.99,Malaysian · beef · $13,2026-09-16T06:09:39.443Z
rec_1004,conv_1004,m_28,2,0.99,Malaysian · chicken · $12,2026-09-16T06:09:39.443Z
rec_1004,conv_1004,m_22,3,0.99,Mexican · chicken · $12.5,2026-09-16T06:09:39.443Z
rec_1005,conv_1005,m_29,1,0.99,Malaysian · beef · $13,2026-09-07T05:57:43.813Z
rec_1005,conv_1005,m_28,2,0.99,Malaysian · chicken · $12,2026-09-07T05:57:43.813Z
rec_1005,conv_1005,m_22,3,0.99,Mexican · chicken · $12.5,2026-09-07T05:57:43.813Z
rec_1006,conv_1006,m_23,1,0.95,Mexican · black beans · $11,2026-10-04T06:24:16.698Z
rec_1006,conv_1006,m_05,2,0.95,Indian · chicken · $12,2026-10-04T06:24:16.698Z
rec_1006,conv_1006,m_10,3,0.94,African · chicken · $12,2026-10-04T06:24:16.698Z
rec_1007,conv_1007,m_23,1,0.95,Mexican · black beans · $11,2026-09-25T06:35:05.604Z
rec_1007,conv_1007,m_05,2,0.95,Indian · chicken · $12,2026-09-25T06:35:05.604Z
rec_1007,conv_1007,m_10,3,0.94,African · chicken · $12,2026-09-25T06:35:05.604Z
rec_1008,conv_1008,m_05,1,0.99,Indian · chicken · $12,2026-10-04T06:14:34.440Z
rec_1008,conv_1008,m_28,2,0.99,Malaysian · chicken · $12,2026-10-04T06:14:34.440Z
rec_1008,conv_1008,m_25,3,0.99,Korean · chicken · $13.5,2026-10-04T06:14:34.440Z
rec_1009,conv_1009,m_05,1,0.99,Indian · chicken · $12,2026-09-25T06:28:58.057Z
rec_1009,conv_1009,m_28,2,0.99,Malaysian · chicken · $12,2026-09-25T06:28:58.057Z
rec_1009,conv_1009,m_25,3,0.99,Korean · chicken · $13.5,2026-09-25T06:28:58.057Z
rec_1010,conv_1010,m_05,1,0.99,Indian · chicken · $12,2026-09-16T06:18:54.678Z
rec_1010,conv_1010,m_28,2,0.99,Malaysian · chicken · $12,2026-09-16T06:18:54.678Z
rec_1010,conv_1010,m_25,3,0.99,Korean · chicken · $13.5,2026-09-16T06:18:54.678Z
rec_1011,conv_1011,m_05,1,0.99,Indian · chicken · $12,2026-10-04T06:06:51.383Z
rec_1011,conv_1011,m_28,2,0.99,Malaysian · chicken · $12,2026-10-04T06:06:51.383Z
rec_1011,conv_1011,m_10,3,0.99,African · chicken · $12,2026-10-04T06:06:51.383Z
rec_1012,conv_1012,m_05,1,0.99,Indian · chicken · $12,2026-09-25T06:15:08.197Z
rec_1012,conv_1012,m_28,2,0.99,Malaysian · chicken · $12,2026-09-25T06:15:08.197Z
rec_1012,conv_1012,m_10,3,0.99,African · chicken · $12,2026-09-25T06:15:08.197Z
rec_1013,conv_1013,m_05,1,0.99,Indian · chicken · $12,2026-09-16T06:39:25.149Z
rec_1013,conv_1013,m_28,2,0.99,Malaysian · chicken · $12,2026-09-16T06:39:25.149Z
rec_1013,conv_1013,m_10,3,0.99,African · chicken · $12,2026-09-16T06:39:25.149Z
rec_1014,conv_1014,m_22,1,0.99,Mexican · chicken · $12.5,2026-10-04T06:02:20.266Z
rec_1014,conv_1014,m_29,2,0.99,Malaysian · beef · $13,2026-10-04T06:02:20.266Z
rec_1014,conv_1014,m_05,3,0.99,Indian · chicken · $12,2026-10-04T06:02:20.266Z
rec_1015,conv_1015,m_22,1,0.99,Mexican · chicken · $12.5,2026-09-25T06:18:21.088Z
rec_1015,conv_1015,m_29,2,0.99,Malaysian · beef · $13,2026-09-25T06:18:21.088Z
rec_1015,conv_1015,m_05,3,0.99,Indian · chicken · $12,2026-09-25T06:18:21.088Z
rec_1016,conv_1016,m_22,1,0.99,Mexican · chicken · $12.5,2026-09-16T06:08:24.949Z
rec_1016,conv_1016,m_29,2,0.99,Malaysian · beef · $13,2026-09-16T06:08:24.949Z
rec_1016,conv_1016,m_05,3,0.99,Indian · chicken · $12,2026-09-16T06:08:24.949Z
rec_1017,conv_1017,m_22,1,0.99,Mexican · chicken · $12.5,2026-09-07T06:48:20.826Z
rec_1017,conv_1017,m_29,2,0.99,Malaysian · beef · $13,2026-09-07T06:48:20.826Z
rec_1017,conv_1017,m_05,3,0.99,Indian · chicken · $12,2026-09-07T06:48:20.826Z
rec_1018,conv_1018,m_22,1,0.99,Mexican · chicken · $12.5,2026-08-29T06:38:15.078Z
rec_1018,conv_1018,m_29,2,0.99,Malaysian · beef · $13,2026-08-29T06:38:15.078Z
rec_1018,conv_1018,m_05,3,0.99,Indian · chicken · $12,2026-08-29T06:38:15.078Z
rec_1019,conv_1019,m_22,1,0.99,Mexican · chicken · $12.5,2026-08-20T06:16:16.723Z
rec_1019,conv_1019,m_29,2,0.99,Malaysian · beef · $13,2026-08-20T06:16:16.723Z
rec_1019,conv_1019,m_05,3,0.99,Indian · chicken · $12,2026-08-20T06:16:16.723Z
rec_1020,conv_1020,m_02,1,0.99,Thai · tofu · $12.5,2026-10-04T06:31:32.651Z
rec_1020,conv_1020,m_17,2,0.99,Mediterranean · halloumi · $13,2026-10-04T06:31:32.651Z
rec_1020,conv_1020,m_07,3,0.99,Indian · chickpeas · $11,2026-10-04T06:31:32.651Z
rec_1021,conv_1021,m_28,1,0.99,Malaysian · chicken · $12,2026-10-04T06:30:56.523Z
rec_1021,conv_1021,m_10,2,0.99,African · chicken · $12,2026-10-04T06:30:56.523Z
rec_1021,conv_1021,m_05,3,0.99,Indian · chicken · $12,2026-10-04T06:30:56.523Z
rec_1022,conv_1022,m_28,1,0.99,Malaysian · chicken · $12,2026-09-25T06:40:30.390Z
rec_1022,conv_1022,m_10,2,0.99,African · chicken · $12,2026-09-25T06:40:30.390Z
rec_1022,conv_1022,m_05,3,0.99,Indian · chicken · $12,2026-09-25T06:40:30.390Z
rec_1023,conv_1023,m_28,1,0.99,Malaysian · chicken · $12,2026-09-16T06:12:41.837Z
rec_1023,conv_1023,m_10,2,0.99,African · chicken · $12,2026-09-16T06:12:41.837Z
rec_1023,conv_1023,m_05,3,0.99,Indian · chicken · $12,2026-09-16T06:12:41.837Z
rec_1024,conv_1024,m_28,1,0.99,Malaysian · chicken · $12,2026-09-07T06:18:07.252Z
rec_1024,conv_1024,m_10,2,0.99,African · chicken · $12,2026-09-07T06:18:07.252Z
rec_1024,conv_1024,m_05,3,0.99,Indian · chicken · $12,2026-09-07T06:18:07.252Z
rec_1025,conv_1025,m_30,1,0.99,Chinese · tofu · $11,2026-10-04T06:13:57.146Z
rec_1025,conv_1025,m_13,2,0.99,African · none · $3,2026-10-04T06:13:57.146Z
rec_1025,conv_1025,m_07,3,0.99,Indian · chickpeas · $11,2026-10-04T06:13:57.146Z
rec_1026,conv_1026,m_30,1,0.99,Chinese · tofu · $11,2026-09-25T06:34:29.419Z
rec_1026,conv_1026,m_13,2,0.99,African · none · $3,2026-09-25T06:34:29.419Z
rec_1026,conv_1026,m_07,3,0.99,Indian · chickpeas · $11,2026-09-25T06:34:29.419Z
rec_1027,conv_1027,m_30,1,0.99,Chinese · tofu · $11,2026-09-16T05:56:19.508Z
rec_1027,conv_1027,m_13,2,0.99,African · none · $3,2026-09-16T05:56:19.508Z
rec_1027,conv_1027,m_07,3,0.99,Indian · chickpeas · $11,2026-09-16T05:56:19.508Z
rec_1028,conv_1028,m_30,1,0.99,Chinese · tofu · $11,2026-09-07T06:40:44.621Z
rec_1028,conv_1028,m_13,2,0.99,African · none · $3,2026-09-07T06:40:44.621Z
rec_1028,conv_1028,m_07,3,0.99,Indian · chickpeas · $11,2026-09-07T06:40:44.621Z
rec_1029,conv_1029,m_30,1,0.99,Chinese · tofu · $11,2026-08-29T06:48:45.677Z
rec_1029,conv_1029,m_13,2,0.99,African · none · $3,2026-08-29T06:48:45.677Z
rec_1029,conv_1029,m_07,3,0.99,Indian · chickpeas · $11,2026-08-29T06:48:45.677Z
rec_1030,conv_1030,m_30,1,0.99,Chinese · tofu · $11,2026-08-20T05:51:45.830Z
rec_1030,conv_1030,m_13,2,0.99,African · none · $3,2026-08-20T05:51:45.830Z
rec_1030,conv_1030,m_07,3,0.99,Indian · chickpeas · $11,2026-08-20T05:51:45.830Z
rec_1031,conv_1031,m_11,1,0.99,African · beef · $13.5,2026-10-04T06:04:42.567Z
rec_1031,conv_1031,m_27,2,0.99,Chinese · chicken · $12.5,2026-10-04T06:04:42.567Z
rec_1031,conv_1031,m_29,3,0.99,Malaysian · beef · $13,2026-10-04T06:04:42.567Z
rec_1032,conv_1032,m_11,1,0.99,African · beef · $13.5,2026-09-25T06:43:49.388Z
rec_1032,conv_1032,m_27,2,0.99,Chinese · chicken · $12.5,2026-09-25T06:43:49.388Z
rec_1032,conv_1032,m_29,3,0.99,Malaysian · beef · $13,2026-09-25T06:43:49.388Z
rec_1033,conv_1033,m_22,1,0.99,Mexican · chicken · $12.5,2026-10-04T06:50:14.150Z
rec_1033,conv_1033,m_10,2,0.99,African · chicken · $12,2026-10-04T06:50:14.150Z
rec_1033,conv_1033,m_19,3,0.99,Mediterranean · chicken · $12,2026-10-04T06:50:14.150Z
rec_1034,conv_1034,m_29,1,0.99,Malaysian · beef · $13,2026-10-04T06:14:00.475Z
rec_1034,conv_1034,m_03,2,0.99,Thai · beef · $14.5,2026-10-04T06:14:00.475Z
rec_1034,conv_1034,m_25,3,0.99,Korean · chicken · $13.5,2026-10-04T06:14:00.475Z
rec_1035,conv_1035,m_29,1,0.99,Malaysian · beef · $13,2026-09-25T06:06:08.669Z
rec_1035,conv_1035,m_03,2,0.99,Thai · beef · $14.5,2026-09-25T06:06:08.669Z
rec_1035,conv_1035,m_25,3,0.99,Korean · chicken · $13.5,2026-09-25T06:06:08.669Z
rec_1036,conv_1036,m_29,1,0.99,Malaysian · beef · $13,2026-09-16T06:29:22.798Z
rec_1036,conv_1036,m_03,2,0.99,Thai · beef · $14.5,2026-09-16T06:29:22.798Z
rec_1036,conv_1036,m_25,3,0.99,Korean · chicken · $13.5,2026-09-16T06:29:22.798Z
rec_1037,conv_1037,m_29,1,0.99,Malaysian · beef · $13,2026-09-07T06:36:29.026Z
rec_1037,conv_1037,m_03,2,0.99,Thai · beef · $14.5,2026-09-07T06:36:29.026Z
rec_1037,conv_1037,m_25,3,0.99,Korean · chicken · $13.5,2026-09-07T06:36:29.026Z
rec_1038,conv_1038,m_29,1,0.99,Malaysian · beef · $13,2026-08-29T06:30:33.998Z
rec_1038,conv_1038,m_03,2,0.99,Thai · beef · $14.5,2026-08-29T06:30:33.998Z
rec_1038,conv_1038,m_25,3,0.99,Korean · chicken · $13.5,2026-08-29T06:30:33.998Z
rec_1039,conv_1039,m_29,1,0.99,Malaysian · beef · $13,2026-08-20T06:39:43.862Z
rec_1039,conv_1039,m_03,2,0.99,Thai · beef · $14.5,2026-08-20T06:39:43.862Z
rec_1039,conv_1039,m_25,3,0.99,Korean · chicken · $13.5,2026-08-20T06:39:43.862Z
rec_1040,conv_1040,m_22,1,0.94,Mexican · chicken · $12.5,2026-10-04T06:01:50.699Z
rec_1040,conv_1040,m_28,2,0.94,Malaysian · chicken · $12,2026-10-04T06:01:50.699Z
rec_1040,conv_1040,m_07,3,0.93,Indian · chickpeas · $11,2026-10-04T06:01:50.699Z
rec_1041,conv_1041,m_22,1,0.94,Mexican · chicken · $12.5,2026-09-25T06:16:54.396Z
rec_1041,conv_1041,m_28,2,0.94,Malaysian · chicken · $12,2026-09-25T06:16:54.396Z
rec_1041,conv_1041,m_07,3,0.93,Indian · chickpeas · $11,2026-09-25T06:16:54.396Z
rec_1042,conv_1042,m_22,1,0.94,Mexican · chicken · $12.5,2026-09-16T05:51:24.635Z
rec_1042,conv_1042,m_28,2,0.94,Malaysian · chicken · $12,2026-09-16T05:51:24.635Z
rec_1042,conv_1042,m_07,3,0.93,Indian · chickpeas · $11,2026-09-16T05:51:24.635Z
rec_1043,conv_1043,m_22,1,0.94,Mexican · chicken · $12.5,2026-09-07T06:15:00.672Z
rec_1043,conv_1043,m_28,2,0.94,Malaysian · chicken · $12,2026-09-07T06:15:00.672Z
rec_1043,conv_1043,m_07,3,0.93,Indian · chickpeas · $11,2026-09-07T06:15:00.672Z
rec_1044,conv_1044,m_22,1,0.94,Mexican · chicken · $12.5,2026-08-29T06:21:28.272Z
rec_1044,conv_1044,m_28,2,0.94,Malaysian · chicken · $12,2026-08-29T06:21:28.272Z
rec_1044,conv_1044,m_07,3,0.93,Indian · chickpeas · $11,2026-08-29T06:21:28.272Z
rec_1045,conv_1045,m_10,1,0.99,African · chicken · $12,2026-10-04T06:01:14.259Z
rec_1045,conv_1045,m_28,2,0.99,Malaysian · chicken · $12,2026-10-04T06:01:14.259Z
rec_1045,conv_1045,m_22,3,0.99,Mexican · chicken · $12.5,2026-10-04T06:01:14.259Z
rec_1046,conv_1046,m_24,1,0.9,Mexican · none · $3,2026-10-04T06:38:01.007Z
rec_1046,conv_1046,m_08,2,0.9,Indian · none · $4,2026-10-04T06:38:01.007Z
rec_1046,conv_1046,m_12,3,0.86,African · none · $3.5,2026-10-04T06:38:01.007Z
rec_1047,conv_1047,m_24,1,0.9,Mexican · none · $3,2026-09-25T05:57:15.200Z
rec_1047,conv_1047,m_08,2,0.9,Indian · none · $4,2026-09-25T05:57:15.200Z
rec_1047,conv_1047,m_12,3,0.86,African · none · $3.5,2026-09-25T05:57:15.200Z
rec_1048,conv_1048,m_22,1,0.99,Mexican · chicken · $12.5,2026-10-04T06:29:43.388Z
rec_1048,conv_1048,m_10,2,0.99,African · chicken · $12,2026-10-04T06:29:43.388Z
rec_1048,conv_1048,m_05,3,0.99,Indian · chicken · $12,2026-10-04T06:29:43.388Z
rec_1049,conv_1049,m_22,1,0.99,Mexican · chicken · $12.5,2026-09-25T06:44:15.726Z
rec_1049,conv_1049,m_10,2,0.99,African · chicken · $12,2026-09-25T06:44:15.726Z
rec_1049,conv_1049,m_05,3,0.99,Indian · chicken · $12,2026-09-25T06:44:15.726Z
rec_1050,conv_1050,m_07,1,0.99,Indian · chickpeas · $11,2026-10-04T05:55:10.015Z
rec_1050,conv_1050,m_23,2,0.99,Mexican · black beans · $11,2026-10-04T05:55:10.015Z
rec_1050,conv_1050,m_02,3,0.99,Thai · tofu · $12.5,2026-10-04T05:55:10.015Z
rec_1051,conv_1051,m_07,1,0.99,Indian · chickpeas · $11,2026-09-25T06:12:59.623Z
rec_1051,conv_1051,m_23,2,0.99,Mexican · black beans · $11,2026-09-25T06:12:59.623Z
rec_1051,conv_1051,m_02,3,0.99,Thai · tofu · $12.5,2026-09-25T06:12:59.623Z
rec_1052,conv_1052,m_27,1,0.99,Chinese · chicken · $12.5,2026-10-04T06:21:52.760Z
rec_1052,conv_1052,m_22,2,0.99,Mexican · chicken · $12.5,2026-10-04T06:21:52.760Z
rec_1052,conv_1052,m_10,3,0.99,African · chicken · $12,2026-10-04T06:21:52.760Z
rec_1053,conv_1053,m_27,1,0.99,Chinese · chicken · $12.5,2026-09-25T06:49:02.135Z
rec_1053,conv_1053,m_22,2,0.99,Mexican · chicken · $12.5,2026-09-25T06:49:02.135Z
rec_1053,conv_1053,m_10,3,0.99,African · chicken · $12,2026-09-25T06:49:02.135Z
rec_1054,conv_1054,m_30,1,0.99,Chinese · tofu · $11,2026-10-04T06:00:54.113Z
rec_1054,conv_1054,m_23,2,0.99,Mexican · black beans · $11,2026-10-04T06:00:54.113Z
rec_1054,conv_1054,m_13,3,0.99,African · none · $3,2026-10-04T06:00:54.113Z
rec_1055,conv_1055,m_01,1,0.99,Thai · chicken · $13,2026-10-04T05:53:49.418Z
rec_1055,conv_1055,m_11,2,0.99,African · beef · $13.5,2026-10-04T05:53:49.418Z
rec_1055,conv_1055,m_29,3,0.99,Malaysian · beef · $13,2026-10-04T05:53:49.418Z
rec_1056,conv_1056,m_01,1,0.99,Thai · chicken · $13,2026-09-25T06:02:53.667Z
rec_1056,conv_1056,m_11,2,0.99,African · beef · $13.5,2026-09-25T06:02:53.667Z
rec_1056,conv_1056,m_29,3,0.99,Malaysian · beef · $13,2026-09-25T06:02:53.667Z
rec_1057,conv_1057,m_01,1,0.99,Thai · chicken · $13,2026-09-16T06:00:07.860Z
rec_1057,conv_1057,m_11,2,0.99,African · beef · $13.5,2026-09-16T06:00:07.860Z
rec_1057,conv_1057,m_29,3,0.99,Malaysian · beef · $13,2026-09-16T06:00:07.860Z
rec_1058,conv_1058,m_01,1,0.99,Thai · chicken · $13,2026-09-07T06:09:55.873Z
rec_1058,conv_1058,m_11,2,0.99,African · beef · $13.5,2026-09-07T06:09:55.873Z
rec_1058,conv_1058,m_29,3,0.99,Malaysian · beef · $13,2026-09-07T06:09:55.873Z
rec_1059,conv_1059,m_01,1,0.99,Thai · chicken · $13,2026-08-29T06:21:00.496Z
rec_1059,conv_1059,m_11,2,0.99,African · beef · $13.5,2026-08-29T06:21:00.496Z
rec_1059,conv_1059,m_29,3,0.99,Malaysian · beef · $13,2026-08-29T06:21:00.496Z
rec_1060,conv_1060,m_01,1,0.99,Thai · chicken · $13,2026-08-20T06:32:45.267Z
rec_1060,conv_1060,m_11,2,0.99,African · beef · $13.5,2026-08-20T06:32:45.267Z
rec_1060,conv_1060,m_29,3,0.99,Malaysian · beef · $13,2026-08-20T06:32:45.267Z
rec_1061,conv_1061,m_10,1,0.99,African · chicken · $12,2026-10-04T06:38:58.284Z
rec_1061,conv_1061,m_22,2,0.99,Mexican · chicken · $12.5,2026-10-04T06:38:58.284Z
rec_1061,conv_1061,m_25,3,0.99,Korean · chicken · $13.5,2026-10-04T06:38:58.284Z
rec_1062,conv_1062,m_10,1,0.99,African · chicken · $12,2026-09-25T05:50:38.028Z
rec_1062,conv_1062,m_22,2,0.99,Mexican · chicken · $12.5,2026-09-25T05:50:38.028Z
rec_1062,conv_1062,m_25,3,0.99,Korean · chicken · $13.5,2026-09-25T05:50:38.028Z
rec_1063,conv_1063,m_10,1,0.99,African · chicken · $12,2026-09-16T06:27:56.703Z
rec_1063,conv_1063,m_22,2,0.99,Mexican · chicken · $12.5,2026-09-16T06:27:56.703Z
rec_1063,conv_1063,m_25,3,0.99,Korean · chicken · $13.5,2026-09-16T06:27:56.703Z
rec_1064,conv_1064,m_10,1,0.99,African · chicken · $12,2026-09-07T06:23:47.607Z
rec_1064,conv_1064,m_22,2,0.99,Mexican · chicken · $12.5,2026-09-07T06:23:47.607Z
rec_1064,conv_1064,m_25,3,0.99,Korean · chicken · $13.5,2026-09-07T06:23:47.607Z
rec_1065,conv_1065,m_10,1,0.99,African · chicken · $12,2026-08-29T06:32:18.879Z
rec_1065,conv_1065,m_22,2,0.99,Mexican · chicken · $12.5,2026-08-29T06:32:18.879Z
rec_1065,conv_1065,m_25,3,0.99,Korean · chicken · $13.5,2026-08-29T06:32:18.879Z
rec_1066,conv_1066,m_10,1,0.99,African · chicken · $12,2026-08-20T06:20:21.689Z
rec_1066,conv_1066,m_22,2,0.99,Mexican · chicken · $12.5,2026-08-20T06:20:21.689Z
rec_1066,conv_1066,m_25,3,0.99,Korean · chicken · $13.5,2026-08-20T06:20:21.689Z
rec_1067,conv_1067,m_29,1,0.99,Malaysian · beef · $13,2026-10-04T06:45:33.849Z
rec_1067,conv_1067,m_03,2,0.99,Thai · beef · $14.5,2026-10-04T06:45:33.849Z
rec_1067,conv_1067,m_22,3,0.99,Mexican · chicken · $12.5,2026-10-04T06:45:33.849Z
rec_1068,conv_1068,m_29,1,0.99,Malaysian · beef · $13,2026-09-25T05:53:34.484Z
rec_1068,conv_1068,m_03,2,0.99,Thai · beef · $14.5,2026-09-25T05:53:34.484Z
rec_1068,conv_1068,m_22,3,0.99,Mexican · chicken · $12.5,2026-09-25T05:53:34.484Z
rec_1069,conv_1069,m_07,1,0.96,Indian · chickpeas · $11,2026-10-04T06:24:54.037Z
rec_1069,conv_1069,m_10,2,0.94,African · chicken · $12,2026-10-04T06:24:54.037Z
rec_1069,conv_1069,m_23,3,0.91,Mexican · black beans · $11,2026-10-04T06:24:54.037Z
rec_1070,conv_1070,m_07,1,0.96,Indian · chickpeas · $11,2026-09-25T06:11:41.710Z
rec_1070,conv_1070,m_10,2,0.94,African · chicken · $12,2026-09-25T06:11:41.710Z
rec_1070,conv_1070,m_23,3,0.91,Mexican · black beans · $11,2026-09-25T06:11:41.710Z
rec_1071,conv_1071,m_07,1,0.96,Indian · chickpeas · $11,2026-09-16T06:24:23.176Z
rec_1071,conv_1071,m_10,2,0.94,African · chicken · $12,2026-09-16T06:24:23.176Z
rec_1071,conv_1071,m_23,3,0.91,Mexican · black beans · $11,2026-09-16T06:24:23.176Z
rec_1072,conv_1072,m_28,1,0.99,Malaysian · chicken · $12,2026-10-04T06:06:18.358Z
rec_1072,conv_1072,m_07,2,0.99,Indian · chickpeas · $11,2026-10-04T06:06:18.358Z
rec_1072,conv_1072,m_10,3,0.99,African · chicken · $12,2026-10-04T06:06:18.358Z
rec_1073,conv_1073,m_28,1,0.99,Malaysian · chicken · $12,2026-09-25T06:48:37.598Z
rec_1073,conv_1073,m_07,2,0.99,Indian · chickpeas · $11,2026-09-25T06:48:37.598Z
rec_1073,conv_1073,m_10,3,0.99,African · chicken · $12,2026-09-25T06:48:37.598Z